Year,Month,Value,Period
1969,December,37.7,M12
1969,December,37.7,M12
1969,December,37.7,M12
1969,December,37.7,M12
1969,December,37.7,M12
1969,November,37.5,M11
1969,November,37.5,M11
1969,November,37.5,M11
1969,November,37.5,M11
1969,November,37.5,M11
1969,October,37.3,M10
1969,October,37.3,M10
1969,October,37.3,M10
1969,October,37.3,M10
1969,October,37.3,M10
1969,September,37.1,M09
1969,September,37.1,M09
1969,September,37.1,M09
1969,September,37.1,M09
1969,September,37.1,M09
1969,August,37.0,M08
1969,August,37.0,M08
1969,August,37.0,M08
1969,August,37.0,M08
1969,August,37.0,M08
1969,July,36.8,M07
1969,July,36.8,M07
1969,July,36.8,M07
1969,July,36.8,M07
1969,July,36.8,M07
1969,June,36.6,M06
1969,June,36.6,M06
1969,June,36.6,M06
1969,June,36.6,M06
1969,June,36.6,M06
1969,May,36.4,M05
1969,May,36.4,M05
1969,May,36.4,M05
1969,May,36.4,M05
1969,May,36.4,M05
1969,April,36.3,M04
1969,April,36.3,M04
1969,April,36.3,M04
1969,April,36.3,M04
1969,April,36.3,M04
1969,March,36.1,M03
1969,March,36.1,M03
1969,March,36.1,M03
1969,March,36.1,M03
1969,March,36.1,M03
1969,February,35.8,M02
1969,February,35.8,M02
1969,February,35.8,M02
1969,February,35.8,M02
1969,February,35.8,M02
1969,January,35.6,M01
1969,January,35.6,M01
1969,January,35.6,M01
1969,January,35.6,M01
1969,January,35.6,M01
1968,December,35.5,M12
1968,December,35.5,M12
1968,December,35.5,M12
1968,December,35.5,M12
1968,December,35.5,M12
1968,November,35.4,M11
1968,November,35.4,M11
1968,November,35.4,M11
1968,November,35.4,M11
1968,November,35.4,M11
1968,October,35.3,M10
1968,October,35.3,M10
1968,October,35.3,M10
1968,October,35.3,M10
1968,October,35.3,M10
1968,September,35.1,M09
1968,September,35.1,M09
1968,September,35.1,M09
1968,September,35.1,M09
1968,September,35.1,M09
1968,August,35.0,M08
1968,August,35.0,M08
1968,August,35.0,M08
1968,August,35.0,M08
1968,August,35.0,M08
1968,July,34.9,M07
1968,July,34.9,M07
1968,July,34.9,M07
1968,July,34.9,M07
1968,July,34.9,M07
1968,June,34.7,M06
1968,June,34.7,M06
1968,June,34.7,M06
1968,June,34.7,M06
1968,June,34.7,M06
1968,May,34.5,M05
1968,May,34.5,M05
1968,May,34.5,M05
1968,May,34.5,M05
1968,May,34.5,M05
1968,April,34.4,M04
1968,April,34.4,M04
1968,April,34.4,M04
1968,April,34.4,M04
1968,April,34.4,M04
1968,March,34.3,M03
1968,March,34.3,M03
1968,March,34.3,M03
1968,March,34.3,M03
1968,March,34.3,M03
1968,February,34.2,M02
1968,February,34.2,M02
1968,February,34.2,M02
1968,February,34.2,M02
1968,February,34.2,M02
1968,January,34.1,M01
1968,January,34.1,M01
1968,January,34.1,M01
1968,January,34.1,M01
1968,January,34.1,M01
1967,December,33.9,M12
1967,December,33.9,M12
1967,December,33.9,M12
1967,December,33.9,M12
1967,December,33.9,M12
1967,November,33.8,M11
1967,November,33.8,M11
1967,November,33.8,M11
1967,November,33.8,M11
1967,November,33.8,M11
1967,October,33.7,M10
1967,October,33.7,M10
1967,October,33.7,M10
1967,October,33.7,M10
1967,October,33.7,M10
1967,September,33.6,M09
1967,September,33.6,M09
1967,September,33.6,M09
1967,September,33.6,M09
1967,September,33.6,M09
1967,August,33.5,M08
1967,August,33.5,M08
1967,August,33.5,M08
1967,August,33.5,M08
1967,August,33.5,M08
1967,July,33.4,M07
1967,July,33.4,M07
1967,July,33.4,M07
1967,July,33.4,M07
1967,July,33.4,M07
1967,June,33.3,M06
1967,June,33.3,M06
1967,June,33.3,M06
1967,June,33.3,M06
1967,June,33.3,M06
1967,May,33.2,M05
1967,May,33.2,M05
1967,May,33.2,M05
1967,May,33.2,M05
1967,May,33.2,M05
1967,April,33.1,M04
1967,April,33.1,M04
1967,April,33.1,M04
1967,April,33.1,M04
1967,April,33.1,M04
1967,March,33.0,M03
1967,March,33.0,M03
1967,March,33.0,M03
1967,March,33.0,M03
1967,March,33.0,M03
1967,February,32.9,M02
1967,February,32.9,M02
1967,February,32.9,M02
1967,February,32.9,M02
1967,February,32.9,M02
1967,January,32.9,M01
1967,January,32.9,M01
1967,January,32.9,M01
1967,January,32.9,M01
1967,January,32.9,M01
1966,December,32.9,M12
1966,December,32.9,M12
1966,December,32.9,M12
1966,December,32.9,M12
1966,December,32.9,M12
1966,November,32.9,M11
1966,November,32.9,M11
1966,November,32.9,M11
1966,November,32.9,M11
1966,November,32.9,M11
1966,October,32.9,M10
1966,October,32.9,M10
1966,October,32.9,M10
1966,October,32.9,M10
1966,October,32.9,M10
1966,September,32.7,M09
1966,September,32.7,M09
1966,September,32.7,M09
1966,September,32.7,M09
1966,September,32.7,M09
1966,August,32.7,M08
1966,August,32.7,M08
1966,August,32.7,M08
1966,August,32.7,M08
1966,August,32.7,M08
1966,July,32.5,M07
1966,July,32.5,M07
1966,July,32.5,M07
1966,July,32.5,M07
1966,July,32.5,M07
1966,June,32.4,M06
1966,June,32.4,M06
1966,June,32.4,M06
1966,June,32.4,M06
1966,June,32.4,M06
1966,May,32.3,M05
1966,May,32.3,M05
1966,May,32.3,M05
1966,May,32.3,M05
1966,May,32.3,M05
1966,April,32.3,M04
1966,April,32.3,M04
1966,April,32.3,M04
1966,April,32.3,M04
1966,April,32.3,M04
1966,March,32.1,M03
1966,March,32.1,M03
1966,March,32.1,M03
1966,March,32.1,M03
1966,March,32.1,M03
1966,February,32.0,M02
1966,February,32.0,M02
1966,February,32.0,M02
1966,February,32.0,M02
1966,February,32.0,M02
1966,January,31.8,M01
1966,January,31.8,M01
1966,January,31.8,M01
1966,January,31.8,M01
1966,January,31.8,M01
1965,December,31.8,M12
1965,December,31.8,M12
1965,December,31.8,M12
1965,December,31.8,M12
1965,December,31.8,M12
1965,November,31.7,M11
1965,November,31.7,M11
1965,November,31.7,M11
1965,November,31.7,M11
1965,November,31.7,M11
1965,October,31.7,M10
1965,October,31.7,M10
1965,October,31.7,M10
1965,October,31.7,M10
1965,October,31.7,M10
1965,September,31.6,M09
1965,September,31.6,M09
1965,September,31.6,M09
1965,September,31.6,M09
1965,September,31.6,M09
1965,August,31.6,M08
1965,August,31.6,M08
1965,August,31.6,M08
1965,August,31.6,M08
1965,August,31.6,M08
1965,July,31.6,M07
1965,July,31.6,M07
1965,July,31.6,M07
1965,July,31.6,M07
1965,July,31.6,M07
1965,June,31.6,M06
1965,June,31.6,M06
1965,June,31.6,M06
1965,June,31.6,M06
1965,June,31.6,M06
1965,May,31.4,M05
1965,May,31.4,M05
1965,May,31.4,M05
1965,May,31.4,M05
1965,May,31.4,M05
1965,April,31.4,M04
1965,April,31.4,M04
1965,April,31.4,M04
1965,April,31.4,M04
1965,April,31.4,M04
1965,March,31.3,M03
1965,March,31.3,M03
1965,March,31.3,M03
1965,March,31.3,M03
1965,March,31.3,M03
1965,February,31.2,M02
1965,February,31.2,M02
1965,February,31.2,M02
1965,February,31.2,M02
1965,February,31.2,M02
1965,January,31.2,M01
1965,January,31.2,M01
1965,January,31.2,M01
1965,January,31.2,M01
1965,January,31.2,M01
1964,December,31.2,M12
1964,December,31.2,M12
1964,December,31.2,M12
1964,December,31.2,M12
1964,December,31.2,M12
1964,November,31.2,M11
1964,November,31.2,M11
1964,November,31.2,M11
1964,November,31.2,M11
1964,November,31.2,M11
1964,October,31.1,M10
1964,October,31.1,M10
1964,October,31.1,M10
1964,October,31.1,M10
1964,October,31.1,M10
1964,September,31.1,M09
1964,September,31.1,M09
1964,September,31.1,M09
1964,September,31.1,M09
1964,September,31.1,M09
1964,August,31.0,M08
1964,August,31.0,M08
1964,August,31.0,M08
1964,August,31.0,M08
1964,August,31.0,M08
1964,July,31.1,M07
1964,July,31.1,M07
1964,July,31.1,M07
1964,July,31.1,M07
1964,July,31.1,M07
1964,June,31.0,M06
1964,June,31.0,M06
1964,June,31.0,M06
1964,June,31.0,M06
1964,June,31.0,M06
1964,May,30.9,M05
1964,May,30.9,M05
1964,May,30.9,M05
1964,May,30.9,M05
1964,May,30.9,M05
1964,April,30.9,M04
1964,April,30.9,M04
1964,April,30.9,M04
1964,April,30.9,M04
1964,April,30.9,M04
1964,March,30.9,M03
1964,March,30.9,M03
1964,March,30.9,M03
1964,March,30.9,M03
1964,March,30.9,M03
1964,February,30.9,M02
1964,February,30.9,M02
1964,February,30.9,M02
1964,February,30.9,M02
1964,February,30.9,M02
1964,January,30.9,M01
1964,January,30.9,M01
1964,January,30.9,M01
1964,January,30.9,M01
1964,January,30.9,M01
1963,December,30.9,M12
1963,December,30.9,M12
1963,December,30.9,M12
1963,December,30.9,M12
1963,December,30.9,M12
1963,November,30.8,M11
1963,November,30.8,M11
1963,November,30.8,M11
1963,November,30.8,M11
1963,November,30.8,M11
1963,October,30.8,M10
1963,October,30.8,M10
1963,October,30.8,M10
1963,October,30.8,M10
1963,October,30.8,M10
1963,September,30.7,M09
1963,September,30.7,M09
1963,September,30.7,M09
1963,September,30.7,M09
1963,September,30.7,M09
1963,August,30.7,M08
1963,August,30.7,M08
1963,August,30.7,M08
1963,August,30.7,M08
1963,August,30.7,M08
1963,July,30.7,M07
1963,July,30.7,M07
1963,July,30.7,M07
1963,July,30.7,M07
1963,July,30.7,M07
1963,June,30.6,M06
1963,June,30.6,M06
1963,June,30.6,M06
1963,June,30.6,M06
1963,June,30.6,M06
1963,May,30.5,M05
1963,May,30.5,M05
1963,May,30.5,M05
1963,May,30.5,M05
1963,May,30.5,M05
1963,April,30.5,M04
1963,April,30.5,M04
1963,April,30.5,M04
1963,April,30.5,M04
1963,April,30.5,M04
1963,March,30.5,M03
1963,March,30.5,M03
1963,March,30.5,M03
1963,March,30.5,M03
1963,March,30.5,M03
1963,February,30.4,M02
1963,February,30.4,M02
1963,February,30.4,M02
1963,February,30.4,M02
1963,February,30.4,M02
1963,January,30.4,M01
1963,January,30.4,M01
1963,January,30.4,M01
1963,January,30.4,M01
1963,January,30.4,M01
1962,December,30.4,M12
1962,December,30.4,M12
1962,December,30.4,M12
1962,December,30.4,M12
1962,December,30.4,M12
1962,November,30.4,M11
1962,November,30.4,M11
1962,November,30.4,M11
1962,November,30.4,M11
1962,November,30.4,M11
1962,October,30.4,M10
1962,October,30.4,M10
1962,October,30.4,M10
1962,October,30.4,M10
1962,October,30.4,M10
1962,September,30.4,M09
1962,September,30.4,M09
1962,September,30.4,M09
1962,September,30.4,M09
1962,September,30.4,M09
1962,August,30.3,M08
1962,August,30.3,M08
1962,August,30.3,M08
1962,August,30.3,M08
1962,August,30.3,M08
1962,July,30.3,M07
1962,July,30.3,M07
1962,July,30.3,M07
1962,July,30.3,M07
1962,July,30.3,M07
1962,June,30.2,M06
1962,June,30.2,M06
1962,June,30.2,M06
1962,June,30.2,M06
1962,June,30.2,M06
1962,May,30.2,M05
1962,May,30.2,M05
1962,May,30.2,M05
1962,May,30.2,M05
1962,May,30.2,M05
1962,April,30.2,M04
1962,April,30.2,M04
1962,April,30.2,M04
1962,April,30.2,M04
1962,April,30.2,M04
1962,March,30.1,M03
1962,March,30.1,M03
1962,March,30.1,M03
1962,March,30.1,M03
1962,March,30.1,M03
1962,February,30.1,M02
1962,February,30.1,M02
1962,February,30.1,M02
1962,February,30.1,M02
1962,February,30.1,M02
1962,January,30.0,M01
1962,January,30.0,M01
1962,January,30.0,M01
1962,January,30.0,M01
1962,January,30.0,M01
1961,December,30.0,M12
1961,December,30.0,M12
1961,December,30.0,M12
1961,December,30.0,M12
1961,December,30.0,M12
1961,November,30.0,M11
1961,November,30.0,M11
1961,November,30.0,M11
1961,November,30.0,M11
1961,November,30.0,M11
1961,October,30.0,M10
1961,October,30.0,M10
1961,October,30.0,M10
1961,October,30.0,M10
1961,October,30.0,M10
1961,September,30.0,M09
1961,September,30.0,M09
1961,September,30.0,M09
1961,September,30.0,M09
1961,September,30.0,M09
1961,August,29.9,M08
1961,August,29.9,M08
1961,August,29.9,M08
1961,August,29.9,M08
1961,August,29.9,M08
1961,July,30.0,M07
1961,July,30.0,M07
1961,July,30.0,M07
1961,July,30.0,M07
1961,July,30.0,M07
1961,June,29.8,M06
1961,June,29.8,M06
1961,June,29.8,M06
1961,June,29.8,M06
1961,June,29.8,M06
1961,May,29.8,M05
1961,May,29.8,M05
1961,May,29.8,M05
1961,May,29.8,M05
1961,May,29.8,M05
1961,April,29.8,M04
1961,April,29.8,M04
1961,April,29.8,M04
1961,April,29.8,M04
1961,April,29.8,M04
1961,March,29.8,M03
1961,March,29.8,M03
1961,March,29.8,M03
1961,March,29.8,M03
1961,March,29.8,M03
1961,February,29.8,M02
1961,February,29.8,M02
1961,February,29.8,M02
1961,February,29.8,M02
1961,February,29.8,M02
1961,January,29.8,M01
1961,January,29.8,M01
1961,January,29.8,M01
1961,January,29.8,M01
1961,January,29.8,M01
1960,December,29.8,M12
1960,December,29.8,M12
1960,December,29.8,M12
1960,December,29.8,M12
1960,December,29.8,M12
1960,November,29.8,M11
1960,November,29.8,M11
1960,November,29.8,M11
1960,November,29.8,M11
1960,November,29.8,M11
1960,October,29.8,M10
1960,October,29.8,M10
1960,October,29.8,M10
1960,October,29.8,M10
1960,October,29.8,M10
1960,September,29.6,M09
1960,September,29.6,M09
1960,September,29.6,M09
1960,September,29.6,M09
1960,September,29.6,M09
1960,August,29.6,M08
1960,August,29.6,M08
1960,August,29.6,M08
1960,August,29.6,M08
1960,August,29.6,M08
1960,July,29.6,M07
1960,July,29.6,M07
1960,July,29.6,M07
1960,July,29.6,M07
1960,July,29.6,M07
1960,June,29.6,M06
1960,June,29.6,M06
1960,June,29.6,M06
1960,June,29.6,M06
1960,June,29.6,M06
1960,May,29.5,M05
1960,May,29.5,M05
1960,May,29.5,M05
1960,May,29.5,M05
1960,May,29.5,M05
1960,April,29.5,M04
1960,April,29.5,M04
1960,April,29.5,M04
1960,April,29.5,M04
1960,April,29.5,M04
1960,March,29.4,M03
1960,March,29.4,M03
1960,March,29.4,M03
1960,March,29.4,M03
1960,March,29.4,M03
1960,February,29.4,M02
1960,February,29.4,M02
1960,February,29.4,M02
1960,February,29.4,M02
1960,February,29.4,M02
1979,December,76.7,M12
1979,December,76.7,M12
1979,December,76.7,M12
1979,December,76.7,M12
1979,December,76.7,M12
1979,November,75.9,M11
1979,November,75.9,M11
1979,November,75.9,M11
1979,November,75.9,M11
1979,November,75.9,M11
1979,October,75.2,M10
1979,October,75.2,M10
1979,October,75.2,M10
1979,October,75.2,M10
1979,October,75.2,M10
1979,September,74.6,M09
1979,September,74.6,M09
1979,September,74.6,M09
1979,September,74.6,M09
1979,September,74.6,M09
1979,August,73.8,M08
1979,August,73.8,M08
1979,August,73.8,M08
1979,August,73.8,M08
1979,August,73.8,M08
1979,July,73.1,M07
1979,July,73.1,M07
1979,July,73.1,M07
1979,July,73.1,M07
1979,July,73.1,M07
1979,June,72.3,M06
1979,June,72.3,M06
1979,June,72.3,M06
1979,June,72.3,M06
1979,June,72.3,M06
1979,May,71.5,M05
1979,May,71.5,M05
1979,May,71.5,M05
1979,May,71.5,M05
1979,May,71.5,M05
1979,April,70.6,M04
1979,April,70.6,M04
1979,April,70.6,M04
1979,April,70.6,M04
1979,April,70.6,M04
1979,March,69.8,M03
1979,March,69.8,M03
1979,March,69.8,M03
1979,March,69.8,M03
1979,March,69.8,M03
1979,February,69.1,M02
1979,February,69.1,M02
1979,February,69.1,M02
1979,February,69.1,M02
1979,February,69.1,M02
1979,January,68.3,M01
1979,January,68.3,M01
1979,January,68.3,M01
1979,January,68.3,M01
1979,January,68.3,M01
1978,December,67.7,M12
1978,December,67.7,M12
1978,December,67.7,M12
1978,December,67.7,M12
1978,December,67.7,M12
1978,November,67.4,M11
1978,November,67.4,M11
1978,November,67.4,M11
1978,November,67.4,M11
1978,November,67.4,M11
1978,October,67.1,M10
1978,October,67.1,M10
1978,October,67.1,M10
1978,October,67.1,M10
1978,October,67.1,M10
1978,September,66.5,M09
1978,September,66.5,M09
1978,September,66.5,M09
1978,September,66.5,M09
1978,September,66.5,M09
1978,August,66.0,M08
1978,August,66.0,M08
1978,August,66.0,M08
1978,August,66.0,M08
1978,August,66.0,M08
1978,July,65.7,M07
1978,July,65.7,M07
1978,July,65.7,M07
1978,July,65.7,M07
1978,July,65.7,M07
1978,June,65.2,M06
1978,June,65.2,M06
1978,June,65.2,M06
1978,June,65.2,M06
1978,June,65.2,M06
1978,May,64.5,M05
1978,May,64.5,M05
1978,May,64.5,M05
1978,May,64.5,M05
1978,May,64.5,M05
1978,April,63.9,M04
1978,April,63.9,M04
1978,April,63.9,M04
1978,April,63.9,M04
1978,April,63.9,M04
1978,March,63.4,M03
1978,March,63.4,M03
1978,March,63.4,M03
1978,March,63.4,M03
1978,March,63.4,M03
1978,February,62.9,M02
1978,February,62.9,M02
1978,February,62.9,M02
1978,February,62.9,M02
1978,February,62.9,M02
1978,January,62.5,M01
1978,January,62.5,M01
1978,January,62.5,M01
1978,January,62.5,M01
1978,January,62.5,M01
1977,December,62.1,M12
1977,December,62.1,M12
1977,December,62.1,M12
1977,December,62.1,M12
1977,December,62.1,M12
1977,November,61.9,M11
1977,November,61.9,M11
1977,November,61.9,M11
1977,November,61.9,M11
1977,November,61.9,M11
1977,October,61.6,M10
1977,October,61.6,M10
1977,October,61.6,M10
1977,October,61.6,M10
1977,October,61.6,M10
1977,September,61.4,M09
1977,September,61.4,M09
1977,September,61.4,M09
1977,September,61.4,M09
1977,September,61.4,M09
1977,August,61.2,M08
1977,August,61.2,M08
1977,August,61.2,M08
1977,August,61.2,M08
1977,August,61.2,M08
1977,July,61.0,M07
1977,July,61.0,M07
1977,July,61.0,M07
1977,July,61.0,M07
1977,July,61.0,M07
1977,June,60.7,M06
1977,June,60.7,M06
1977,June,60.7,M06
1977,June,60.7,M06
1977,June,60.7,M06
1977,May,60.3,M05
1977,May,60.3,M05
1977,May,60.3,M05
1977,May,60.3,M05
1977,May,60.3,M05
1977,April,60.0,M04
1977,April,60.0,M04
1977,April,60.0,M04
1977,April,60.0,M04
1977,April,60.0,M04
1977,March,59.5,M03
1977,March,59.5,M03
1977,March,59.5,M03
1977,March,59.5,M03
1977,March,59.5,M03
1977,February,59.1,M02
1977,February,59.1,M02
1977,February,59.1,M02
1977,February,59.1,M02
1977,February,59.1,M02
1977,January,58.5,M01
1977,January,58.5,M01
1977,January,58.5,M01
1977,January,58.5,M01
1977,January,58.5,M01
1976,December,58.2,M12
1976,December,58.2,M12
1976,December,58.2,M12
1976,December,58.2,M12
1976,December,58.2,M12
1976,November,58.0,M11
1976,November,58.0,M11
1976,November,58.0,M11
1976,November,58.0,M11
1976,November,58.0,M11
1976,October,57.9,M10
1976,October,57.9,M10
1976,October,57.9,M10
1976,October,57.9,M10
1976,October,57.9,M10
1976,September,57.6,M09
1976,September,57.6,M09
1976,September,57.6,M09
1976,September,57.6,M09
1976,September,57.6,M09
1976,August,57.4,M08
1976,August,57.4,M08
1976,August,57.4,M08
1976,August,57.4,M08
1976,August,57.4,M08
1976,July,57.1,M07
1976,July,57.1,M07
1976,July,57.1,M07
1976,July,57.1,M07
1976,July,57.1,M07
1976,June,56.8,M06
1976,June,56.8,M06
1976,June,56.8,M06
1976,June,56.8,M06
1976,June,56.8,M06
1976,May,56.5,M05
1976,May,56.5,M05
1976,May,56.5,M05
1976,May,56.5,M05
1976,May,56.5,M05
1976,April,56.1,M04
1976,April,56.1,M04
1976,April,56.1,M04
1976,April,56.1,M04
1976,April,56.1,M04
1976,March,55.9,M03
1976,March,55.9,M03
1976,March,55.9,M03
1976,March,55.9,M03
1976,March,55.9,M03
1976,February,55.8,M02
1976,February,55.8,M02
1976,February,55.8,M02
1976,February,55.8,M02
1976,February,55.8,M02
1976,January,55.6,M01
1976,January,55.6,M01
1976,January,55.6,M01
1976,January,55.6,M01
1976,January,55.6,M01
1975,December,55.5,M12
1975,December,55.5,M12
1975,December,55.5,M12
1975,December,55.5,M12
1975,December,55.5,M12
1975,November,55.3,M11
1975,November,55.3,M11
1975,November,55.3,M11
1975,November,55.3,M11
1975,November,55.3,M11
1975,October,54.9,M10
1975,October,54.9,M10
1975,October,54.9,M10
1975,October,54.9,M10
1975,October,54.9,M10
1975,September,54.6,M09
1975,September,54.6,M09
1975,September,54.6,M09
1975,September,54.6,M09
1975,September,54.6,M09
1975,August,54.3,M08
1975,August,54.3,M08
1975,August,54.3,M08
1975,August,54.3,M08
1975,August,54.3,M08
1975,July,54.2,M07
1975,July,54.2,M07
1975,July,54.2,M07
1975,July,54.2,M07
1975,July,54.2,M07
1975,June,53.6,M06
1975,June,53.6,M06
1975,June,53.6,M06
1975,June,53.6,M06
1975,June,53.6,M06
1975,May,53.2,M05
1975,May,53.2,M05
1975,May,53.2,M05
1975,May,53.2,M05
1975,May,53.2,M05
1975,April,52.9,M04
1975,April,52.9,M04
1975,April,52.9,M04
1975,April,52.9,M04
1975,April,52.9,M04
1975,March,52.7,M03
1975,March,52.7,M03
1975,March,52.7,M03
1975,March,52.7,M03
1975,March,52.7,M03
1975,February,52.5,M02
1975,February,52.5,M02
1975,February,52.5,M02
1975,February,52.5,M02
1975,February,52.5,M02
1975,January,52.1,M01
1975,January,52.1,M01
1975,January,52.1,M01
1975,January,52.1,M01
1975,January,52.1,M01
1974,December,51.9,M12
1974,December,51.9,M12
1974,December,51.9,M12
1974,December,51.9,M12
1974,December,51.9,M12
1974,November,51.5,M11
1974,November,51.5,M11
1974,November,51.5,M11
1974,November,51.5,M11
1974,November,51.5,M11
1974,October,51.1,M10
1974,October,51.1,M10
1974,October,51.1,M10
1974,October,51.1,M10
1974,October,51.1,M10
1974,September,50.6,M09
1974,September,50.6,M09
1974,September,50.6,M09
1974,September,50.6,M09
1974,September,50.6,M09
1974,August,50.0,M08
1974,August,50.0,M08
1974,August,50.0,M08
1974,August,50.0,M08
1974,August,50.0,M08
1974,July,49.4,M07
1974,July,49.4,M07
1974,July,49.4,M07
1974,July,49.4,M07
1974,July,49.4,M07
1974,June,49.0,M06
1974,June,49.0,M06
1974,June,49.0,M06
1974,June,49.0,M06
1974,June,49.0,M06
1974,May,48.6,M05
1974,May,48.6,M05
1974,May,48.6,M05
1974,May,48.6,M05
1974,May,48.6,M05
1974,April,48.0,M04
1974,April,48.0,M04
1974,April,48.0,M04
1974,April,48.0,M04
1974,April,48.0,M04
1974,March,47.8,M03
1974,March,47.8,M03
1974,March,47.8,M03
1974,March,47.8,M03
1974,March,47.8,M03
1974,February,47.2,M02
1974,February,47.2,M02
1974,February,47.2,M02
1974,February,47.2,M02
1974,February,47.2,M02
1974,January,46.6,M01
1974,January,46.6,M01
1974,January,46.6,M01
1974,January,46.6,M01
1974,January,46.6,M01
1973,December,46.2,M12
1973,December,46.2,M12
1973,December,46.2,M12
1973,December,46.2,M12
1973,December,46.2,M12
1973,November,45.9,M11
1973,November,45.9,M11
1973,November,45.9,M11
1973,November,45.9,M11
1973,November,45.9,M11
1973,October,45.6,M10
1973,October,45.6,M10
1973,October,45.6,M10
1973,October,45.6,M10
1973,October,45.6,M10
1973,September,45.2,M09
1973,September,45.2,M09
1973,September,45.2,M09
1973,September,45.2,M09
1973,September,45.2,M09
1973,August,45.1,M08
1973,August,45.1,M08
1973,August,45.1,M08
1973,August,45.1,M08
1973,August,45.1,M08
1973,July,44.3,M07
1973,July,44.3,M07
1973,July,44.3,M07
1973,July,44.3,M07
1973,July,44.3,M07
1973,June,44.2,M06
1973,June,44.2,M06
1973,June,44.2,M06
1973,June,44.2,M06
1973,June,44.2,M06
1973,May,43.9,M05
1973,May,43.9,M05
1973,May,43.9,M05
1973,May,43.9,M05
1973,May,43.9,M05
1973,April,43.6,M04
1973,April,43.6,M04
1973,April,43.6,M04
1973,April,43.6,M04
1973,April,43.6,M04
1973,March,43.3,M03
1973,March,43.3,M03
1973,March,43.3,M03
1973,March,43.3,M03
1973,March,43.3,M03
1973,February,42.9,M02
1973,February,42.9,M02
1973,February,42.9,M02
1973,February,42.9,M02
1973,February,42.9,M02
1973,January,42.6,M01
1973,January,42.6,M01
1973,January,42.6,M01
1973,January,42.6,M01
1973,January,42.6,M01
1972,December,42.5,M12
1972,December,42.5,M12
1972,December,42.5,M12
1972,December,42.5,M12
1972,December,42.5,M12
1972,November,42.4,M11
1972,November,42.4,M11
1972,November,42.4,M11
1972,November,42.4,M11
1972,November,42.4,M11
1972,October,42.3,M10
1972,October,42.3,M10
1972,October,42.3,M10
1972,October,42.3,M10
1972,October,42.3,M10
1972,September,42.1,M09
1972,September,42.1,M09
1972,September,42.1,M09
1972,September,42.1,M09
1972,September,42.1,M09
1972,August,42.0,M08
1972,August,42.0,M08
1972,August,42.0,M08
1972,August,42.0,M08
1972,August,42.0,M08
1972,July,41.9,M07
1972,July,41.9,M07
1972,July,41.9,M07
1972,July,41.9,M07
1972,July,41.9,M07
1972,June,41.7,M06
1972,June,41.7,M06
1972,June,41.7,M06
1972,June,41.7,M06
1972,June,41.7,M06
1972,May,41.6,M05
1972,May,41.6,M05
1972,May,41.6,M05
1972,May,41.6,M05
1972,May,41.6,M05
1972,April,41.5,M04
1972,April,41.5,M04
1972,April,41.5,M04
1972,April,41.5,M04
1972,April,41.5,M04
1972,March,41.4,M03
1972,March,41.4,M03
1972,March,41.4,M03
1972,March,41.4,M03
1972,March,41.4,M03
1972,February,41.3,M02
1972,February,41.3,M02
1972,February,41.3,M02
1972,February,41.3,M02
1972,February,41.3,M02
1972,January,41.1,M01
1972,January,41.1,M01
1972,January,41.1,M01
1972,January,41.1,M01
1972,January,41.1,M01
1971,December,41.1,M12
1971,December,41.1,M12
1971,December,41.1,M12
1971,December,41.1,M12
1971,December,41.1,M12
1971,November,40.9,M11
1971,November,40.9,M11
1971,November,40.9,M11
1971,November,40.9,M11
1971,November,40.9,M11
1971,October,40.9,M10
1971,October,40.9,M10
1971,October,40.9,M10
1971,October,40.9,M10
1971,October,40.9,M10
1971,September,40.8,M09
1971,September,40.8,M09
1971,September,40.8,M09
1971,September,40.8,M09
1971,September,40.8,M09
1971,August,40.8,M08
1971,August,40.8,M08
1971,August,40.8,M08
1971,August,40.8,M08
1971,August,40.8,M08
1971,July,40.7,M07
1971,July,40.7,M07
1971,July,40.7,M07
1971,July,40.7,M07
1971,July,40.7,M07
1971,June,40.6,M06
1971,June,40.6,M06
1971,June,40.6,M06
1971,June,40.6,M06
1971,June,40.6,M06
1971,May,40.3,M05
1971,May,40.3,M05
1971,May,40.3,M05
1971,May,40.3,M05
1971,May,40.3,M05
1971,April,40.1,M04
1971,April,40.1,M04
1971,April,40.1,M04
1971,April,40.1,M04
1971,April,40.1,M04
1971,March,40.0,M03
1971,March,40.0,M03
1971,March,40.0,M03
1971,March,40.0,M03
1971,March,40.0,M03
1971,February,39.9,M02
1971,February,39.9,M02
1971,February,39.9,M02
1971,February,39.9,M02
1971,February,39.9,M02
1971,January,39.8,M01
1971,January,39.8,M01
1971,January,39.8,M01
1971,January,39.8,M01
1971,January,39.8,M01
1970,December,39.8,M12
1970,December,39.8,M12
1970,December,39.8,M12
1970,December,39.8,M12
1970,December,39.8,M12
1970,November,39.6,M11
1970,November,39.6,M11
1970,November,39.6,M11
1970,November,39.6,M11
1970,November,39.6,M11
1970,October,39.4,M10
1970,October,39.4,M10
1970,October,39.4,M10
1970,October,39.4,M10
1970,October,39.4,M10
1970,September,39.2,M09
1970,September,39.2,M09
1970,September,39.2,M09
1970,September,39.2,M09
1970,September,39.2,M09
1970,August,39.0,M08
1970,August,39.0,M08
1970,August,39.0,M08
1970,August,39.0,M08
1970,August,39.0,M08
1970,July,39.0,M07
1970,July,39.0,M07
1970,July,39.0,M07
1970,July,39.0,M07
1970,July,39.0,M07
1970,June,38.8,M06
1970,June,38.8,M06
1970,June,38.8,M06
1970,June,38.8,M06
1970,June,38.8,M06
1970,May,38.6,M05
1970,May,38.6,M05
1970,May,38.6,M05
1970,May,38.6,M05
1970,May,38.6,M05
1970,April,38.5,M04
1970,April,38.5,M04
1970,April,38.5,M04
1970,April,38.5,M04
1970,April,38.5,M04
1970,March,38.2,M03
1970,March,38.2,M03
1970,March,38.2,M03
1970,March,38.2,M03
1970,March,38.2,M03
1970,February,38.0,M02
1970,February,38.0,M02
1970,February,38.0,M02
1970,February,38.0,M02
1970,February,38.0,M02
1989,December,126.1,M12
1989,December,126.1,M12
1989,December,126.1,M12
1989,December,126.1,M12
1989,December,126.1,M12
1989,November,125.9,M11
1989,November,125.9,M11
1989,November,125.9,M11
1989,November,125.9,M11
1989,November,125.9,M11
1989,October,125.6,M10
1989,October,125.6,M10
1989,October,125.6,M10
1989,October,125.6,M10
1989,October,125.6,M10
1989,September,125.0,M09
1989,September,125.0,M09
1989,September,125.0,M09
1989,September,125.0,M09
1989,September,125.0,M09
1989,August,124.6,M08
1989,August,124.6,M08
1989,August,124.6,M08
1989,August,124.6,M08
1989,August,124.6,M08
1989,July,124.4,M07
1989,July,124.4,M07
1989,July,124.4,M07
1989,July,124.4,M07
1989,July,124.4,M07
1989,June,124.1,M06
1989,June,124.1,M06
1989,June,124.1,M06
1989,June,124.1,M06
1989,June,124.1,M06
1989,May,123.8,M05
1989,May,123.8,M05
1989,May,123.8,M05
1989,May,123.8,M05
1989,May,123.8,M05
1989,April,123.1,M04
1989,April,123.1,M04
1989,April,123.1,M04
1989,April,123.1,M04
1989,April,123.1,M04
1989,March,122.3,M03
1989,March,122.3,M03
1989,March,122.3,M03
1989,March,122.3,M03
1989,March,122.3,M03
1989,February,121.6,M02
1989,February,121.6,M02
1989,February,121.6,M02
1989,February,121.6,M02
1989,February,121.6,M02
1989,January,121.1,M01
1989,January,121.1,M01
1989,January,121.1,M01
1989,January,121.1,M01
1989,January,121.1,M01
1988,December,120.5,M12
1988,December,120.5,M12
1988,December,120.5,M12
1988,December,120.5,M12
1988,December,120.5,M12
1988,November,120.3,M11
1988,November,120.3,M11
1988,November,120.3,M11
1988,November,120.3,M11
1988,November,120.3,M11
1988,October,120.2,M10
1988,October,120.2,M10
1988,October,120.2,M10
1988,October,120.2,M10
1988,October,120.2,M10
1988,September,119.8,M09
1988,September,119.8,M09
1988,September,119.8,M09
1988,September,119.8,M09
1988,September,119.8,M09
1988,August,119.0,M08
1988,August,119.0,M08
1988,August,119.0,M08
1988,August,119.0,M08
1988,August,119.0,M08
1988,July,118.5,M07
1988,July,118.5,M07
1988,July,118.5,M07
1988,July,118.5,M07
1988,July,118.5,M07
1988,June,118.0,M06
1988,June,118.0,M06
1988,June,118.0,M06
1988,June,118.0,M06
1988,June,118.0,M06
1988,May,117.5,M05
1988,May,117.5,M05
1988,May,117.5,M05
1988,May,117.5,M05
1988,May,117.5,M05
1988,April,117.1,M04
1988,April,117.1,M04
1988,April,117.1,M04
1988,April,117.1,M04
1988,April,117.1,M04
1988,March,116.5,M03
1988,March,116.5,M03
1988,March,116.5,M03
1988,March,116.5,M03
1988,March,116.5,M03
1988,February,116.0,M02
1988,February,116.0,M02
1988,February,116.0,M02
1988,February,116.0,M02
1988,February,116.0,M02
1988,January,115.7,M01
1988,January,115.7,M01
1988,January,115.7,M01
1988,January,115.7,M01
1988,January,115.7,M01
1987,December,115.4,M12
1987,December,115.4,M12
1987,December,115.4,M12
1987,December,115.4,M12
1987,December,115.4,M12
1987,November,115.4,M11
1987,November,115.4,M11
1987,November,115.4,M11
1987,November,115.4,M11
1987,November,115.4,M11
1987,October,115.3,M10
1987,October,115.3,M10
1987,October,115.3,M10
1987,October,115.3,M10
1987,October,115.3,M10
1987,September,115.0,M09
1987,September,115.0,M09
1987,September,115.0,M09
1987,September,115.0,M09
1987,September,115.0,M09
1987,August,114.4,M08
1987,August,114.4,M08
1987,August,114.4,M08
1987,August,114.4,M08
1987,August,114.4,M08
1987,July,113.8,M07
1987,July,113.8,M07
1987,July,113.8,M07
1987,July,113.8,M07
1987,July,113.8,M07
1987,June,113.5,M06
1987,June,113.5,M06
1987,June,113.5,M06
1987,June,113.5,M06
1987,June,113.5,M06
1987,May,113.1,M05
1987,May,113.1,M05
1987,May,113.1,M05
1987,May,113.1,M05
1987,May,113.1,M05
1987,April,112.7,M04
1987,April,112.7,M04
1987,April,112.7,M04
1987,April,112.7,M04
1987,April,112.7,M04
1987,March,112.1,M03
1987,March,112.1,M03
1987,March,112.1,M03
1987,March,112.1,M03
1987,March,112.1,M03
1987,February,111.6,M02
1987,February,111.6,M02
1987,February,111.6,M02
1987,February,111.6,M02
1987,February,111.6,M02
1987,January,111.2,M01
1987,January,111.2,M01
1987,January,111.2,M01
1987,January,111.2,M01
1987,January,111.2,M01
1986,December,110.5,M12
1986,December,110.5,M12
1986,December,110.5,M12
1986,December,110.5,M12
1986,December,110.5,M12
1986,November,110.4,M11
1986,November,110.4,M11
1986,November,110.4,M11
1986,November,110.4,M11
1986,November,110.4,M11
1986,October,110.3,M10
1986,October,110.3,M10
1986,October,110.3,M10
1986,October,110.3,M10
1986,October,110.3,M10
1986,September,110.2,M09
1986,September,110.2,M09
1986,September,110.2,M09
1986,September,110.2,M09
1986,September,110.2,M09
1986,August,109.7,M08
1986,August,109.7,M08
1986,August,109.7,M08
1986,August,109.7,M08
1986,August,109.7,M08
1986,July,109.5,M07
1986,July,109.5,M07
1986,July,109.5,M07
1986,July,109.5,M07
1986,July,109.5,M07
1986,June,109.5,M06
1986,June,109.5,M06
1986,June,109.5,M06
1986,June,109.5,M06
1986,June,109.5,M06
1986,May,108.9,M05
1986,May,108.9,M05
1986,May,108.9,M05
1986,May,108.9,M05
1986,May,108.9,M05
1986,April,108.6,M04
1986,April,108.6,M04
1986,April,108.6,M04
1986,April,108.6,M04
1986,April,108.6,M04
1986,March,108.8,M03
1986,March,108.8,M03
1986,March,108.8,M03
1986,March,108.8,M03
1986,March,108.8,M03
1986,February,109.3,M02
1986,February,109.3,M02
1986,February,109.3,M02
1986,February,109.3,M02
1986,February,109.3,M02
1986,January,109.6,M01
1986,January,109.6,M01
1986,January,109.6,M01
1986,January,109.6,M01
1986,January,109.6,M01
1985,December,109.3,M12
1985,December,109.3,M12
1985,December,109.3,M12
1985,December,109.3,M12
1985,December,109.3,M12
1985,November,109.0,M11
1985,November,109.0,M11
1985,November,109.0,M11
1985,November,109.0,M11
1985,November,109.0,M11
1985,October,108.7,M10
1985,October,108.7,M10
1985,October,108.7,M10
1985,October,108.7,M10
1985,October,108.7,M10
1985,September,108.3,M09
1985,September,108.3,M09
1985,September,108.3,M09
1985,September,108.3,M09
1985,September,108.3,M09
1985,August,108.0,M08
1985,August,108.0,M08
1985,August,108.0,M08
1985,August,108.0,M08
1985,August,108.0,M08
1985,July,107.8,M07
1985,July,107.8,M07
1985,July,107.8,M07
1985,July,107.8,M07
1985,July,107.8,M07
1985,June,107.6,M06
1985,June,107.6,M06
1985,June,107.6,M06
1985,June,107.6,M06
1985,June,107.6,M06
1985,May,107.3,M05
1985,May,107.3,M05
1985,May,107.3,M05
1985,May,107.3,M05
1985,May,107.3,M05
1985,April,106.9,M04
1985,April,106.9,M04
1985,April,106.9,M04
1985,April,106.9,M04
1985,April,106.9,M04
1985,March,106.4,M03
1985,March,106.4,M03
1985,March,106.4,M03
1985,March,106.4,M03
1985,March,106.4,M03
1985,February,106.0,M02
1985,February,106.0,M02
1985,February,106.0,M02
1985,February,106.0,M02
1985,February,106.0,M02
1985,January,105.5,M01
1985,January,105.5,M01
1985,January,105.5,M01
1985,January,105.5,M01
1985,January,105.5,M01
1984,December,105.3,M12
1984,December,105.3,M12
1984,December,105.3,M12
1984,December,105.3,M12
1984,December,105.3,M12
1984,November,105.3,M11
1984,November,105.3,M11
1984,November,105.3,M11
1984,November,105.3,M11
1984,November,105.3,M11
1984,October,105.3,M10
1984,October,105.3,M10
1984,October,105.3,M10
1984,October,105.3,M10
1984,October,105.3,M10
1984,September,105.0,M09
1984,September,105.0,M09
1984,September,105.0,M09
1984,September,105.0,M09
1984,September,105.0,M09
1984,August,104.5,M08
1984,August,104.5,M08
1984,August,104.5,M08
1984,August,104.5,M08
1984,August,104.5,M08
1984,July,104.1,M07
1984,July,104.1,M07
1984,July,104.1,M07
1984,July,104.1,M07
1984,July,104.1,M07
1984,June,103.7,M06
1984,June,103.7,M06
1984,June,103.7,M06
1984,June,103.7,M06
1984,June,103.7,M06
1984,May,103.4,M05
1984,May,103.4,M05
1984,May,103.4,M05
1984,May,103.4,M05
1984,May,103.4,M05
1984,April,103.1,M04
1984,April,103.1,M04
1984,April,103.1,M04
1984,April,103.1,M04
1984,April,103.1,M04
1984,March,102.6,M03
1984,March,102.6,M03
1984,March,102.6,M03
1984,March,102.6,M03
1984,March,102.6,M03
1984,February,102.4,M02
1984,February,102.4,M02
1984,February,102.4,M02
1984,February,102.4,M02
1984,February,102.4,M02
1984,January,101.9,M01
1984,January,101.9,M01
1984,January,101.9,M01
1984,January,101.9,M01
1984,January,101.9,M01
1983,December,101.3,M12
1983,December,101.3,M12
1983,December,101.3,M12
1983,December,101.3,M12
1983,December,101.3,M12
1983,November,101.2,M11
1983,November,101.2,M11
1983,November,101.2,M11
1983,November,101.2,M11
1983,November,101.2,M11
1983,October,101.0,M10
1983,October,101.0,M10
1983,October,101.0,M10
1983,October,101.0,M10
1983,October,101.0,M10
1983,September,100.7,M09
1983,September,100.7,M09
1983,September,100.7,M09
1983,September,100.7,M09
1983,September,100.7,M09
1983,August,100.2,M08
1983,August,100.2,M08
1983,August,100.2,M08
1983,August,100.2,M08
1983,August,100.2,M08
1983,July,99.9,M07
1983,July,99.9,M07
1983,July,99.9,M07
1983,July,99.9,M07
1983,July,99.9,M07
1983,June,99.5,M06
1983,June,99.5,M06
1983,June,99.5,M06
1983,June,99.5,M06
1983,June,99.5,M06
1983,May,99.2,M05
1983,May,99.2,M05
1983,May,99.2,M05
1983,May,99.2,M05
1983,May,99.2,M05
1983,April,98.6,M04
1983,April,98.6,M04
1983,April,98.6,M04
1983,April,98.6,M04
1983,April,98.6,M04
1983,March,97.9,M03
1983,March,97.9,M03
1983,March,97.9,M03
1983,March,97.9,M03
1983,March,97.9,M03
1983,February,97.9,M02
1983,February,97.9,M02
1983,February,97.9,M02
1983,February,97.9,M02
1983,February,97.9,M02
1983,January,97.8,M01
1983,January,97.8,M01
1983,January,97.8,M01
1983,January,97.8,M01
1983,January,97.8,M01
1982,December,97.6,M12
1982,December,97.6,M12
1982,December,97.6,M12
1982,December,97.6,M12
1982,December,97.6,M12
1982,November,98.0,M11
1982,November,98.0,M11
1982,November,98.0,M11
1982,November,98.0,M11
1982,November,98.0,M11
1982,October,98.2,M10
1982,October,98.2,M10
1982,October,98.2,M10
1982,October,98.2,M10
1982,October,98.2,M10
1982,September,97.9,M09
1982,September,97.9,M09
1982,September,97.9,M09
1982,September,97.9,M09
1982,September,97.9,M09
1982,August,97.7,M08
1982,August,97.7,M08
1982,August,97.7,M08
1982,August,97.7,M08
1982,August,97.7,M08
1982,July,97.5,M07
1982,July,97.5,M07
1982,July,97.5,M07
1982,July,97.5,M07
1982,July,97.5,M07
1982,June,97.0,M06
1982,June,97.0,M06
1982,June,97.0,M06
1982,June,97.0,M06
1982,June,97.0,M06
1982,May,95.8,M05
1982,May,95.8,M05
1982,May,95.8,M05
1982,May,95.8,M05
1982,May,95.8,M05
1982,April,94.9,M04
1982,April,94.9,M04
1982,April,94.9,M04
1982,April,94.9,M04
1982,April,94.9,M04
1982,March,94.5,M03
1982,March,94.5,M03
1982,March,94.5,M03
1982,March,94.5,M03
1982,March,94.5,M03
1982,February,94.6,M02
1982,February,94.6,M02
1982,February,94.6,M02
1982,February,94.6,M02
1982,February,94.6,M02
1982,January,94.3,M01
1982,January,94.3,M01
1982,January,94.3,M01
1982,January,94.3,M01
1982,January,94.3,M01
1981,December,94.0,M12
1981,December,94.0,M12
1981,December,94.0,M12
1981,December,94.0,M12
1981,December,94.0,M12
1981,November,93.7,M11
1981,November,93.7,M11
1981,November,93.7,M11
1981,November,93.7,M11
1981,November,93.7,M11
1981,October,93.4,M10
1981,October,93.4,M10
1981,October,93.4,M10
1981,October,93.4,M10
1981,October,93.4,M10
1981,September,93.2,M09
1981,September,93.2,M09
1981,September,93.2,M09
1981,September,93.2,M09
1981,September,93.2,M09
1981,August,92.3,M08
1981,August,92.3,M08
1981,August,92.3,M08
1981,August,92.3,M08
1981,August,92.3,M08
1981,July,91.6,M07
1981,July,91.6,M07
1981,July,91.6,M07
1981,July,91.6,M07
1981,July,91.6,M07
1981,June,90.6,M06
1981,June,90.6,M06
1981,June,90.6,M06
1981,June,90.6,M06
1981,June,90.6,M06
1981,May,89.8,M05
1981,May,89.8,M05
1981,May,89.8,M05
1981,May,89.8,M05
1981,May,89.8,M05
1981,April,89.1,M04
1981,April,89.1,M04
1981,April,89.1,M04
1981,April,89.1,M04
1981,April,89.1,M04
1981,March,88.5,M03
1981,March,88.5,M03
1981,March,88.5,M03
1981,March,88.5,M03
1981,March,88.5,M03
1981,February,87.9,M02
1981,February,87.9,M02
1981,February,87.9,M02
1981,February,87.9,M02
1981,February,87.9,M02
1981,January,87.0,M01
1981,January,87.0,M01
1981,January,87.0,M01
1981,January,87.0,M01
1981,January,87.0,M01
1980,December,86.3,M12
1980,December,86.3,M12
1980,December,86.3,M12
1980,December,86.3,M12
1980,December,86.3,M12
1980,November,85.5,M11
1980,November,85.5,M11
1980,November,85.5,M11
1980,November,85.5,M11
1980,November,85.5,M11
1980,October,84.8,M10
1980,October,84.8,M10
1980,October,84.8,M10
1980,October,84.8,M10
1980,October,84.8,M10
1980,September,84.0,M09
1980,September,84.0,M09
1980,September,84.0,M09
1980,September,84.0,M09
1980,September,84.0,M09
1980,August,83.3,M08
1980,August,83.3,M08
1980,August,83.3,M08
1980,August,83.3,M08
1980,August,83.3,M08
1980,July,82.7,M07
1980,July,82.7,M07
1980,July,82.7,M07
1980,July,82.7,M07
1980,July,82.7,M07
1980,June,82.7,M06
1980,June,82.7,M06
1980,June,82.7,M06
1980,June,82.7,M06
1980,June,82.7,M06
1980,May,81.8,M05
1980,May,81.8,M05
1980,May,81.8,M05
1980,May,81.8,M05
1980,May,81.8,M05
1980,April,81.0,M04
1980,April,81.0,M04
1980,April,81.0,M04
1980,April,81.0,M04
1980,April,81.0,M04
1980,March,80.1,M03
1980,March,80.1,M03
1980,March,80.1,M03
1980,March,80.1,M03
1980,March,80.1,M03
1980,February,78.9,M02
1980,February,78.9,M02
1980,February,78.9,M02
1980,February,78.9,M02
1980,February,78.9,M02
1999,December,168.3,M12
1999,December,168.3,M12
1999,December,168.3,M12
1999,December,168.3,M12
1999,December,168.3,M12
1999,November,168.3,M11
1999,November,168.3,M11
1999,November,168.3,M11
1999,November,168.3,M11
1999,November,168.3,M11
1999,October,168.2,M10
1999,October,168.2,M10
1999,October,168.2,M10
1999,October,168.2,M10
1999,October,168.2,M10
1999,September,167.9,M09
1999,September,167.9,M09
1999,September,167.9,M09
1999,September,167.9,M09
1999,September,167.9,M09
1999,August,167.1,M08
1999,August,167.1,M08
1999,August,167.1,M08
1999,August,167.1,M08
1999,August,167.1,M08
1999,July,166.7,M07
1999,July,166.7,M07
1999,July,166.7,M07
1999,July,166.7,M07
1999,July,166.7,M07
1999,June,166.2,M06
1999,June,166.2,M06
1999,June,166.2,M06
1999,June,166.2,M06
1999,June,166.2,M06
1999,May,166.2,M05
1999,May,166.2,M05
1999,May,166.2,M05
1999,May,166.2,M05
1999,May,166.2,M05
1999,April,166.2,M04
1999,April,166.2,M04
1999,April,166.2,M04
1999,April,166.2,M04
1999,April,166.2,M04
1999,March,165.0,M03
1999,March,165.0,M03
1999,March,165.0,M03
1999,March,165.0,M03
1999,March,165.0,M03
1999,February,164.5,M02
1999,February,164.5,M02
1999,February,164.5,M02
1999,February,164.5,M02
1999,February,164.5,M02
1999,January,164.3,M01
1999,January,164.3,M01
1999,January,164.3,M01
1999,January,164.3,M01
1999,January,164.3,M01
1998,December,163.9,M12
1998,December,163.9,M12
1998,December,163.9,M12
1998,December,163.9,M12
1998,December,163.9,M12
1998,November,164.0,M11
1998,November,164.0,M11
1998,November,164.0,M11
1998,November,164.0,M11
1998,November,164.0,M11
1998,October,164.0,M10
1998,October,164.0,M10
1998,October,164.0,M10
1998,October,164.0,M10
1998,October,164.0,M10
1998,September,163.6,M09
1998,September,163.6,M09
1998,September,163.6,M09
1998,September,163.6,M09
1998,September,163.6,M09
1998,August,163.4,M08
1998,August,163.4,M08
1998,August,163.4,M08
1998,August,163.4,M08
1998,August,163.4,M08
1998,July,163.2,M07
1998,July,163.2,M07
1998,July,163.2,M07
1998,July,163.2,M07
1998,July,163.2,M07
1998,June,163.0,M06
1998,June,163.0,M06
1998,June,163.0,M06
1998,June,163.0,M06
1998,June,163.0,M06
1998,May,162.8,M05
1998,May,162.8,M05
1998,May,162.8,M05
1998,May,162.8,M05
1998,May,162.8,M05
1998,April,162.5,M04
1998,April,162.5,M04
1998,April,162.5,M04
1998,April,162.5,M04
1998,April,162.5,M04
1998,March,162.2,M03
1998,March,162.2,M03
1998,March,162.2,M03
1998,March,162.2,M03
1998,March,162.2,M03
1998,February,161.9,M02
1998,February,161.9,M02
1998,February,161.9,M02
1998,February,161.9,M02
1998,February,161.9,M02
1998,January,161.6,M01
1998,January,161.6,M01
1998,January,161.6,M01
1998,January,161.6,M01
1998,January,161.6,M01
1997,December,161.3,M12
1997,December,161.3,M12
1997,December,161.3,M12
1997,December,161.3,M12
1997,December,161.3,M12
1997,November,161.5,M11
1997,November,161.5,M11
1997,November,161.5,M11
1997,November,161.5,M11
1997,November,161.5,M11
1997,October,161.6,M10
1997,October,161.6,M10
1997,October,161.6,M10
1997,October,161.6,M10
1997,October,161.6,M10
1997,September,161.2,M09
1997,September,161.2,M09
1997,September,161.2,M09
1997,September,161.2,M09
1997,September,161.2,M09
1997,August,160.8,M08
1997,August,160.8,M08
1997,August,160.8,M08
1997,August,160.8,M08
1997,August,160.8,M08
1997,July,160.5,M07
1997,July,160.5,M07
1997,July,160.5,M07
1997,July,160.5,M07
1997,July,160.5,M07
1997,June,160.3,M06
1997,June,160.3,M06
1997,June,160.3,M06
1997,June,160.3,M06
1997,June,160.3,M06
1997,May,160.1,M05
1997,May,160.1,M05
1997,May,160.1,M05
1997,May,160.1,M05
1997,May,160.1,M05
1997,April,160.2,M04
1997,April,160.2,M04
1997,April,160.2,M04
1997,April,160.2,M04
1997,April,160.2,M04
1997,March,160.0,M03
1997,March,160.0,M03
1997,March,160.0,M03
1997,March,160.0,M03
1997,March,160.0,M03
1997,February,159.6,M02
1997,February,159.6,M02
1997,February,159.6,M02
1997,February,159.6,M02
1997,February,159.6,M02
1997,January,159.1,M01
1997,January,159.1,M01
1997,January,159.1,M01
1997,January,159.1,M01
1997,January,159.1,M01
1996,December,158.6,M12
1996,December,158.6,M12
1996,December,158.6,M12
1996,December,158.6,M12
1996,December,158.6,M12
1996,November,158.6,M11
1996,November,158.6,M11
1996,November,158.6,M11
1996,November,158.6,M11
1996,November,158.6,M11
1996,October,158.3,M10
1996,October,158.3,M10
1996,October,158.3,M10
1996,October,158.3,M10
1996,October,158.3,M10
1996,September,157.8,M09
1996,September,157.8,M09
1996,September,157.8,M09
1996,September,157.8,M09
1996,September,157.8,M09
1996,August,157.3,M08
1996,August,157.3,M08
1996,August,157.3,M08
1996,August,157.3,M08
1996,August,157.3,M08
1996,July,157.0,M07
1996,July,157.0,M07
1996,July,157.0,M07
1996,July,157.0,M07
1996,July,157.0,M07
1996,June,156.7,M06
1996,June,156.7,M06
1996,June,156.7,M06
1996,June,156.7,M06
1996,June,156.7,M06
1996,May,156.6,M05
1996,May,156.6,M05
1996,May,156.6,M05
1996,May,156.6,M05
1996,May,156.6,M05
1996,April,156.3,M04
1996,April,156.3,M04
1996,April,156.3,M04
1996,April,156.3,M04
1996,April,156.3,M04
1996,March,155.7,M03
1996,March,155.7,M03
1996,March,155.7,M03
1996,March,155.7,M03
1996,March,155.7,M03
1996,February,154.9,M02
1996,February,154.9,M02
1996,February,154.9,M02
1996,February,154.9,M02
1996,February,154.9,M02
1996,January,154.4,M01
1996,January,154.4,M01
1996,January,154.4,M01
1996,January,154.4,M01
1996,January,154.4,M01
1995,December,153.5,M12
1995,December,153.5,M12
1995,December,153.5,M12
1995,December,153.5,M12
1995,December,153.5,M12
1995,November,153.6,M11
1995,November,153.6,M11
1995,November,153.6,M11
1995,November,153.6,M11
1995,November,153.6,M11
1995,October,153.7,M10
1995,October,153.7,M10
1995,October,153.7,M10
1995,October,153.7,M10
1995,October,153.7,M10
1995,September,153.2,M09
1995,September,153.2,M09
1995,September,153.2,M09
1995,September,153.2,M09
1995,September,153.2,M09
1995,August,152.9,M08
1995,August,152.9,M08
1995,August,152.9,M08
1995,August,152.9,M08
1995,August,152.9,M08
1995,July,152.5,M07
1995,July,152.5,M07
1995,July,152.5,M07
1995,July,152.5,M07
1995,July,152.5,M07
1995,June,152.5,M06
1995,June,152.5,M06
1995,June,152.5,M06
1995,June,152.5,M06
1995,June,152.5,M06
1995,May,152.2,M05
1995,May,152.2,M05
1995,May,152.2,M05
1995,May,152.2,M05
1995,May,152.2,M05
1995,April,151.9,M04
1995,April,151.9,M04
1995,April,151.9,M04
1995,April,151.9,M04
1995,April,151.9,M04
1995,March,151.4,M03
1995,March,151.4,M03
1995,March,151.4,M03
1995,March,151.4,M03
1995,March,151.4,M03
1995,February,150.9,M02
1995,February,150.9,M02
1995,February,150.9,M02
1995,February,150.9,M02
1995,February,150.9,M02
1995,January,150.3,M01
1995,January,150.3,M01
1995,January,150.3,M01
1995,January,150.3,M01
1995,January,150.3,M01
1994,December,149.7,M12
1994,December,149.7,M12
1994,December,149.7,M12
1994,December,149.7,M12
1994,December,149.7,M12
1994,November,149.7,M11
1994,November,149.7,M11
1994,November,149.7,M11
1994,November,149.7,M11
1994,November,149.7,M11
1994,October,149.5,M10
1994,October,149.5,M10
1994,October,149.5,M10
1994,October,149.5,M10
1994,October,149.5,M10
1994,September,149.4,M09
1994,September,149.4,M09
1994,September,149.4,M09
1994,September,149.4,M09
1994,September,149.4,M09
1994,August,149.0,M08
1994,August,149.0,M08
1994,August,149.0,M08
1994,August,149.0,M08
1994,August,149.0,M08
1994,July,148.4,M07
1994,July,148.4,M07
1994,July,148.4,M07
1994,July,148.4,M07
1994,July,148.4,M07
1994,June,148.0,M06
1994,June,148.0,M06
1994,June,148.0,M06
1994,June,148.0,M06
1994,June,148.0,M06
1994,May,147.5,M05
1994,May,147.5,M05
1994,May,147.5,M05
1994,May,147.5,M05
1994,May,147.5,M05
1994,April,147.4,M04
1994,April,147.4,M04
1994,April,147.4,M04
1994,April,147.4,M04
1994,April,147.4,M04
1994,March,147.2,M03
1994,March,147.2,M03
1994,March,147.2,M03
1994,March,147.2,M03
1994,March,147.2,M03
1994,February,146.7,M02
1994,February,146.7,M02
1994,February,146.7,M02
1994,February,146.7,M02
1994,February,146.7,M02
1994,January,146.2,M01
1994,January,146.2,M01
1994,January,146.2,M01
1994,January,146.2,M01
1994,January,146.2,M01
1993,December,145.8,M12
1993,December,145.8,M12
1993,December,145.8,M12
1993,December,145.8,M12
1993,December,145.8,M12
1993,November,145.8,M11
1993,November,145.8,M11
1993,November,145.8,M11
1993,November,145.8,M11
1993,November,145.8,M11
1993,October,145.7,M10
1993,October,145.7,M10
1993,October,145.7,M10
1993,October,145.7,M10
1993,October,145.7,M10
1993,September,145.1,M09
1993,September,145.1,M09
1993,September,145.1,M09
1993,September,145.1,M09
1993,September,145.1,M09
1993,August,144.8,M08
1993,August,144.8,M08
1993,August,144.8,M08
1993,August,144.8,M08
1993,August,144.8,M08
1993,July,144.4,M07
1993,July,144.4,M07
1993,July,144.4,M07
1993,July,144.4,M07
1993,July,144.4,M07
1993,June,144.4,M06
1993,June,144.4,M06
1993,June,144.4,M06
1993,June,144.4,M06
1993,June,144.4,M06
1993,May,144.2,M05
1993,May,144.2,M05
1993,May,144.2,M05
1993,May,144.2,M05
1993,May,144.2,M05
1993,April,144.0,M04
1993,April,144.0,M04
1993,April,144.0,M04
1993,April,144.0,M04
1993,April,144.0,M04
1993,March,143.6,M03
1993,March,143.6,M03
1993,March,143.6,M03
1993,March,143.6,M03
1993,March,143.6,M03
1993,February,143.1,M02
1993,February,143.1,M02
1993,February,143.1,M02
1993,February,143.1,M02
1993,February,143.1,M02
1993,January,142.6,M01
1993,January,142.6,M01
1993,January,142.6,M01
1993,January,142.6,M01
1993,January,142.6,M01
1992,December,141.9,M12
1992,December,141.9,M12
1992,December,141.9,M12
1992,December,141.9,M12
1992,December,141.9,M12
1992,November,142.0,M11
1992,November,142.0,M11
1992,November,142.0,M11
1992,November,142.0,M11
1992,November,142.0,M11
1992,October,141.8,M10
1992,October,141.8,M10
1992,October,141.8,M10
1992,October,141.8,M10
1992,October,141.8,M10
1992,September,141.3,M09
1992,September,141.3,M09
1992,September,141.3,M09
1992,September,141.3,M09
1992,September,141.3,M09
1992,August,140.9,M08
1992,August,140.9,M08
1992,August,140.9,M08
1992,August,140.9,M08
1992,August,140.9,M08
1992,July,140.5,M07
1992,July,140.5,M07
1992,July,140.5,M07
1992,July,140.5,M07
1992,July,140.5,M07
1992,June,140.2,M06
1992,June,140.2,M06
1992,June,140.2,M06
1992,June,140.2,M06
1992,June,140.2,M06
1992,May,139.7,M05
1992,May,139.7,M05
1992,May,139.7,M05
1992,May,139.7,M05
1992,May,139.7,M05
1992,April,139.5,M04
1992,April,139.5,M04
1992,April,139.5,M04
1992,April,139.5,M04
1992,April,139.5,M04
1992,March,139.3,M03
1992,March,139.3,M03
1992,March,139.3,M03
1992,March,139.3,M03
1992,March,139.3,M03
1992,February,138.6,M02
1992,February,138.6,M02
1992,February,138.6,M02
1992,February,138.6,M02
1992,February,138.6,M02
1992,January,138.1,M01
1992,January,138.1,M01
1992,January,138.1,M01
1992,January,138.1,M01
1992,January,138.1,M01
1991,December,137.9,M12
1991,December,137.9,M12
1991,December,137.9,M12
1991,December,137.9,M12
1991,December,137.9,M12
1991,November,137.8,M11
1991,November,137.8,M11
1991,November,137.8,M11
1991,November,137.8,M11
1991,November,137.8,M11
1991,October,137.4,M10
1991,October,137.4,M10
1991,October,137.4,M10
1991,October,137.4,M10
1991,October,137.4,M10
1991,September,137.2,M09
1991,September,137.2,M09
1991,September,137.2,M09
1991,September,137.2,M09
1991,September,137.2,M09
1991,August,136.6,M08
1991,August,136.6,M08
1991,August,136.6,M08
1991,August,136.6,M08
1991,August,136.6,M08
1991,July,136.2,M07
1991,July,136.2,M07
1991,July,136.2,M07
1991,July,136.2,M07
1991,July,136.2,M07
1991,June,136.0,M06
1991,June,136.0,M06
1991,June,136.0,M06
1991,June,136.0,M06
1991,June,136.0,M06
1991,May,135.6,M05
1991,May,135.6,M05
1991,May,135.6,M05
1991,May,135.6,M05
1991,May,135.6,M05
1991,April,135.2,M04
1991,April,135.2,M04
1991,April,135.2,M04
1991,April,135.2,M04
1991,April,135.2,M04
1991,March,135.0,M03
1991,March,135.0,M03
1991,March,135.0,M03
1991,March,135.0,M03
1991,March,135.0,M03
1991,February,134.8,M02
1991,February,134.8,M02
1991,February,134.8,M02
1991,February,134.8,M02
1991,February,134.8,M02
1991,January,134.6,M01
1991,January,134.6,M01
1991,January,134.6,M01
1991,January,134.6,M01
1991,January,134.6,M01
1990,December,133.8,M12
1990,December,133.8,M12
1990,December,133.8,M12
1990,December,133.8,M12
1990,December,133.8,M12
1990,November,133.8,M11
1990,November,133.8,M11
1990,November,133.8,M11
1990,November,133.8,M11
1990,November,133.8,M11
1990,October,133.5,M10
1990,October,133.5,M10
1990,October,133.5,M10
1990,October,133.5,M10
1990,October,133.5,M10
1990,September,132.7,M09
1990,September,132.7,M09
1990,September,132.7,M09
1990,September,132.7,M09
1990,September,132.7,M09
1990,August,131.6,M08
1990,August,131.6,M08
1990,August,131.6,M08
1990,August,131.6,M08
1990,August,131.6,M08
1990,July,130.4,M07
1990,July,130.4,M07
1990,July,130.4,M07
1990,July,130.4,M07
1990,July,130.4,M07
1990,June,129.9,M06
1990,June,129.9,M06
1990,June,129.9,M06
1990,June,129.9,M06
1990,June,129.9,M06
1990,May,129.2,M05
1990,May,129.2,M05
1990,May,129.2,M05
1990,May,129.2,M05
1990,May,129.2,M05
1990,April,128.9,M04
1990,April,128.9,M04
1990,April,128.9,M04
1990,April,128.9,M04
1990,April,128.9,M04
1990,March,128.7,M03
1990,March,128.7,M03
1990,March,128.7,M03
1990,March,128.7,M03
1990,March,128.7,M03
1990,February,128.0,M02
1990,February,128.0,M02
1990,February,128.0,M02
1990,February,128.0,M02
1990,February,128.0,M02
2009,December,215.949,M12
2009,December,215.949,M12
2009,December,215.949,M12
2009,December,215.949,M12
2009,December,215.949,M12
2009,November,216.330,M11
2009,November,216.330,M11
2009,November,216.330,M11
2009,November,216.330,M11
2009,November,216.330,M11
2009,October,216.177,M10
2009,October,216.177,M10
2009,October,216.177,M10
2009,October,216.177,M10
2009,October,216.177,M10
2009,September,215.969,M09
2009,September,215.969,M09
2009,September,215.969,M09
2009,September,215.969,M09
2009,September,215.969,M09
2009,August,215.834,M08
2009,August,215.834,M08
2009,August,215.834,M08
2009,August,215.834,M08
2009,August,215.834,M08
2009,July,215.351,M07
2009,July,215.351,M07
2009,July,215.351,M07
2009,July,215.351,M07
2009,July,215.351,M07
2009,June,215.693,M06
2009,June,215.693,M06
2009,June,215.693,M06
2009,June,215.693,M06
2009,June,215.693,M06
2009,May,213.856,M05
2009,May,213.856,M05
2009,May,213.856,M05
2009,May,213.856,M05
2009,May,213.856,M05
2009,April,213.240,M04
2009,April,213.240,M04
2009,April,213.240,M04
2009,April,213.240,M04
2009,April,213.240,M04
2009,March,212.709,M03
2009,March,212.709,M03
2009,March,212.709,M03
2009,March,212.709,M03
2009,March,212.709,M03
2009,February,212.193,M02
2009,February,212.193,M02
2009,February,212.193,M02
2009,February,212.193,M02
2009,February,212.193,M02
2009,January,211.143,M01
2009,January,211.143,M01
2009,January,211.143,M01
2009,January,211.143,M01
2009,January,211.143,M01
2008,December,210.228,M12
2008,December,210.228,M12
2008,December,210.228,M12
2008,December,210.228,M12
2008,December,210.228,M12
2008,November,212.425,M11
2008,November,212.425,M11
2008,November,212.425,M11
2008,November,212.425,M11
2008,November,212.425,M11
2008,October,216.573,M10
2008,October,216.573,M10
2008,October,216.573,M10
2008,October,216.573,M10
2008,October,216.573,M10
2008,September,218.783,M09
2008,September,218.783,M09
2008,September,218.783,M09
2008,September,218.783,M09
2008,September,218.783,M09
2008,August,219.086,M08
2008,August,219.086,M08
2008,August,219.086,M08
2008,August,219.086,M08
2008,August,219.086,M08
2008,July,219.964,M07
2008,July,219.964,M07
2008,July,219.964,M07
2008,July,219.964,M07
2008,July,219.964,M07
2008,June,218.815,M06
2008,June,218.815,M06
2008,June,218.815,M06
2008,June,218.815,M06
2008,June,218.815,M06
2008,May,216.632,M05
2008,May,216.632,M05
2008,May,216.632,M05
2008,May,216.632,M05
2008,May,216.632,M05
2008,April,214.823,M04
2008,April,214.823,M04
2008,April,214.823,M04
2008,April,214.823,M04
2008,April,214.823,M04
2008,March,213.528,M03
2008,March,213.528,M03
2008,March,213.528,M03
2008,March,213.528,M03
2008,March,213.528,M03
2008,February,211.693,M02
2008,February,211.693,M02
2008,February,211.693,M02
2008,February,211.693,M02
2008,February,211.693,M02
2008,January,211.080,M01
2008,January,211.080,M01
2008,January,211.080,M01
2008,January,211.080,M01
2008,January,211.080,M01
2007,December,210.036,M12
2007,December,210.036,M12
2007,December,210.036,M12
2007,December,210.036,M12
2007,December,210.036,M12
2007,November,210.177,M11
2007,November,210.177,M11
2007,November,210.177,M11
2007,November,210.177,M11
2007,November,210.177,M11
2007,October,208.936,M10
2007,October,208.936,M10
2007,October,208.936,M10
2007,October,208.936,M10
2007,October,208.936,M10
2007,September,208.490,M09
2007,September,208.490,M09
2007,September,208.490,M09
2007,September,208.490,M09
2007,September,208.490,M09
2007,August,207.917,M08
2007,August,207.917,M08
2007,August,207.917,M08
2007,August,207.917,M08
2007,August,207.917,M08
2007,July,208.299,M07
2007,July,208.299,M07
2007,July,208.299,M07
2007,July,208.299,M07
2007,July,208.299,M07
2007,June,208.352,M06
2007,June,208.352,M06
2007,June,208.352,M06
2007,June,208.352,M06
2007,June,208.352,M06
2007,May,207.949,M05
2007,May,207.949,M05
2007,May,207.949,M05
2007,May,207.949,M05
2007,May,207.949,M05
2007,April,206.686,M04
2007,April,206.686,M04
2007,April,206.686,M04
2007,April,206.686,M04
2007,April,206.686,M04
2007,March,205.352,M03
2007,March,205.352,M03
2007,March,205.352,M03
2007,March,205.352,M03
2007,March,205.352,M03
2007,February,203.499,M02
2007,February,203.499,M02
2007,February,203.499,M02
2007,February,203.499,M02
2007,February,203.499,M02
2007,January,202.416,M01
2007,January,202.416,M01
2007,January,202.416,M01
2007,January,202.416,M01
2007,January,202.416,M01
2006,December,201.8,M12
2006,December,201.8,M12
2006,December,201.8,M12
2006,December,201.8,M12
2006,December,201.8,M12
2006,November,201.5,M11
2006,November,201.5,M11
2006,November,201.5,M11
2006,November,201.5,M11
2006,November,201.5,M11
2006,October,201.8,M10
2006,October,201.8,M10
2006,October,201.8,M10
2006,October,201.8,M10
2006,October,201.8,M10
2006,September,202.9,M09
2006,September,202.9,M09
2006,September,202.9,M09
2006,September,202.9,M09
2006,September,202.9,M09
2006,August,203.9,M08
2006,August,203.9,M08
2006,August,203.9,M08
2006,August,203.9,M08
2006,August,203.9,M08
2006,July,203.5,M07
2006,July,203.5,M07
2006,July,203.5,M07
2006,July,203.5,M07
2006,July,203.5,M07
2006,June,202.9,M06
2006,June,202.9,M06
2006,June,202.9,M06
2006,June,202.9,M06
2006,June,202.9,M06
2006,May,202.5,M05
2006,May,202.5,M05
2006,May,202.5,M05
2006,May,202.5,M05
2006,May,202.5,M05
2006,April,201.5,M04
2006,April,201.5,M04
2006,April,201.5,M04
2006,April,201.5,M04
2006,April,201.5,M04
2006,March,199.8,M03
2006,March,199.8,M03
2006,March,199.8,M03
2006,March,199.8,M03
2006,March,199.8,M03
2006,February,198.7,M02
2006,February,198.7,M02
2006,February,198.7,M02
2006,February,198.7,M02
2006,February,198.7,M02
2006,January,198.3,M01
2006,January,198.3,M01
2006,January,198.3,M01
2006,January,198.3,M01
2006,January,198.3,M01
2005,December,196.8,M12
2005,December,196.8,M12
2005,December,196.8,M12
2005,December,196.8,M12
2005,December,196.8,M12
2005,November,197.6,M11
2005,November,197.6,M11
2005,November,197.6,M11
2005,November,197.6,M11
2005,November,197.6,M11
2005,October,199.2,M10
2005,October,199.2,M10
2005,October,199.2,M10
2005,October,199.2,M10
2005,October,199.2,M10
2005,September,198.8,M09
2005,September,198.8,M09
2005,September,198.8,M09
2005,September,198.8,M09
2005,September,198.8,M09
2005,August,196.4,M08
2005,August,196.4,M08
2005,August,196.4,M08
2005,August,196.4,M08
2005,August,196.4,M08
2005,July,195.4,M07
2005,July,195.4,M07
2005,July,195.4,M07
2005,July,195.4,M07
2005,July,195.4,M07
2005,June,194.5,M06
2005,June,194.5,M06
2005,June,194.5,M06
2005,June,194.5,M06
2005,June,194.5,M06
2005,May,194.4,M05
2005,May,194.4,M05
2005,May,194.4,M05
2005,May,194.4,M05
2005,May,194.4,M05
2005,April,194.6,M04
2005,April,194.6,M04
2005,April,194.6,M04
2005,April,194.6,M04
2005,April,194.6,M04
2005,March,193.3,M03
2005,March,193.3,M03
2005,March,193.3,M03
2005,March,193.3,M03
2005,March,193.3,M03
2005,February,191.8,M02
2005,February,191.8,M02
2005,February,191.8,M02
2005,February,191.8,M02
2005,February,191.8,M02
2005,January,190.7,M01
2005,January,190.7,M01
2005,January,190.7,M01
2005,January,190.7,M01
2005,January,190.7,M01
2004,December,190.3,M12
2004,December,190.3,M12
2004,December,190.3,M12
2004,December,190.3,M12
2004,December,190.3,M12
2004,November,191.0,M11
2004,November,191.0,M11
2004,November,191.0,M11
2004,November,191.0,M11
2004,November,191.0,M11
2004,October,190.9,M10
2004,October,190.9,M10
2004,October,190.9,M10
2004,October,190.9,M10
2004,October,190.9,M10
2004,September,189.9,M09
2004,September,189.9,M09
2004,September,189.9,M09
2004,September,189.9,M09
2004,September,189.9,M09
2004,August,189.5,M08
2004,August,189.5,M08
2004,August,189.5,M08
2004,August,189.5,M08
2004,August,189.5,M08
2004,July,189.4,M07
2004,July,189.4,M07
2004,July,189.4,M07
2004,July,189.4,M07
2004,July,189.4,M07
2004,June,189.7,M06
2004,June,189.7,M06
2004,June,189.7,M06
2004,June,189.7,M06
2004,June,189.7,M06
2004,May,189.1,M05
2004,May,189.1,M05
2004,May,189.1,M05
2004,May,189.1,M05
2004,May,189.1,M05
2004,April,188.0,M04
2004,April,188.0,M04
2004,April,188.0,M04
2004,April,188.0,M04
2004,April,188.0,M04
2004,March,187.4,M03
2004,March,187.4,M03
2004,March,187.4,M03
2004,March,187.4,M03
2004,March,187.4,M03
2004,February,186.2,M02
2004,February,186.2,M02
2004,February,186.2,M02
2004,February,186.2,M02
2004,February,186.2,M02
2004,January,185.2,M01
2004,January,185.2,M01
2004,January,185.2,M01
2004,January,185.2,M01
2004,January,185.2,M01
2003,December,184.3,M12
2003,December,184.3,M12
2003,December,184.3,M12
2003,December,184.3,M12
2003,December,184.3,M12
2003,November,184.5,M11
2003,November,184.5,M11
2003,November,184.5,M11
2003,November,184.5,M11
2003,November,184.5,M11
2003,October,185.0,M10
2003,October,185.0,M10
2003,October,185.0,M10
2003,October,185.0,M10
2003,October,185.0,M10
2003,September,185.2,M09
2003,September,185.2,M09
2003,September,185.2,M09
2003,September,185.2,M09
2003,September,185.2,M09
2003,August,184.6,M08
2003,August,184.6,M08
2003,August,184.6,M08
2003,August,184.6,M08
2003,August,184.6,M08
2003,July,183.9,M07
2003,July,183.9,M07
2003,July,183.9,M07
2003,July,183.9,M07
2003,July,183.9,M07
2003,June,183.7,M06
2003,June,183.7,M06
2003,June,183.7,M06
2003,June,183.7,M06
2003,June,183.7,M06
2003,May,183.5,M05
2003,May,183.5,M05
2003,May,183.5,M05
2003,May,183.5,M05
2003,May,183.5,M05
2003,April,183.8,M04
2003,April,183.8,M04
2003,April,183.8,M04
2003,April,183.8,M04
2003,April,183.8,M04
2003,March,184.2,M03
2003,March,184.2,M03
2003,March,184.2,M03
2003,March,184.2,M03
2003,March,184.2,M03
2003,February,183.1,M02
2003,February,183.1,M02
2003,February,183.1,M02
2003,February,183.1,M02
2003,February,183.1,M02
2003,January,181.7,M01
2003,January,181.7,M01
2003,January,181.7,M01
2003,January,181.7,M01
2003,January,181.7,M01
2002,December,180.9,M12
2002,December,180.9,M12
2002,December,180.9,M12
2002,December,180.9,M12
2002,December,180.9,M12
2002,November,181.3,M11
2002,November,181.3,M11
2002,November,181.3,M11
2002,November,181.3,M11
2002,November,181.3,M11
2002,October,181.3,M10
2002,October,181.3,M10
2002,October,181.3,M10
2002,October,181.3,M10
2002,October,181.3,M10
2002,September,181.0,M09
2002,September,181.0,M09
2002,September,181.0,M09
2002,September,181.0,M09
2002,September,181.0,M09
2002,August,180.7,M08
2002,August,180.7,M08
2002,August,180.7,M08
2002,August,180.7,M08
2002,August,180.7,M08
2002,July,180.1,M07
2002,July,180.1,M07
2002,July,180.1,M07
2002,July,180.1,M07
2002,July,180.1,M07
2002,June,179.9,M06
2002,June,179.9,M06
2002,June,179.9,M06
2002,June,179.9,M06
2002,June,179.9,M06
2002,May,179.8,M05
2002,May,179.8,M05
2002,May,179.8,M05
2002,May,179.8,M05
2002,May,179.8,M05
2002,April,179.8,M04
2002,April,179.8,M04
2002,April,179.8,M04
2002,April,179.8,M04
2002,April,179.8,M04
2002,March,178.8,M03
2002,March,178.8,M03
2002,March,178.8,M03
2002,March,178.8,M03
2002,March,178.8,M03
2002,February,177.8,M02
2002,February,177.8,M02
2002,February,177.8,M02
2002,February,177.8,M02
2002,February,177.8,M02
2002,January,177.1,M01
2002,January,177.1,M01
2002,January,177.1,M01
2002,January,177.1,M01
2002,January,177.1,M01
2001,December,176.7,M12
2001,December,176.7,M12
2001,December,176.7,M12
2001,December,176.7,M12
2001,December,176.7,M12
2001,November,177.4,M11
2001,November,177.4,M11
2001,November,177.4,M11
2001,November,177.4,M11
2001,November,177.4,M11
2001,October,177.7,M10
2001,October,177.7,M10
2001,October,177.7,M10
2001,October,177.7,M10
2001,October,177.7,M10
2001,September,178.3,M09
2001,September,178.3,M09
2001,September,178.3,M09
2001,September,178.3,M09
2001,September,178.3,M09
2001,August,177.5,M08
2001,August,177.5,M08
2001,August,177.5,M08
2001,August,177.5,M08
2001,August,177.5,M08
2001,July,177.5,M07
2001,July,177.5,M07
2001,July,177.5,M07
2001,July,177.5,M07
2001,July,177.5,M07
2001,June,178.0,M06
2001,June,178.0,M06
2001,June,178.0,M06
2001,June,178.0,M06
2001,June,178.0,M06
2001,May,177.7,M05
2001,May,177.7,M05
2001,May,177.7,M05
2001,May,177.7,M05
2001,May,177.7,M05
2001,April,176.9,M04
2001,April,176.9,M04
2001,April,176.9,M04
2001,April,176.9,M04
2001,April,176.9,M04
2001,March,176.2,M03
2001,March,176.2,M03
2001,March,176.2,M03
2001,March,176.2,M03
2001,March,176.2,M03
2001,February,175.8,M02
2001,February,175.8,M02
2001,February,175.8,M02
2001,February,175.8,M02
2001,February,175.8,M02
2001,January,175.1,M01
2001,January,175.1,M01
2001,January,175.1,M01
2001,January,175.1,M01
2001,January,175.1,M01
2000,December,174.0,M12
2000,December,174.0,M12
2000,December,174.0,M12
2000,December,174.0,M12
2000,December,174.0,M12
2000,November,174.1,M11
2000,November,174.1,M11
2000,November,174.1,M11
2000,November,174.1,M11
2000,November,174.1,M11
2000,October,174.0,M10
2000,October,174.0,M10
2000,October,174.0,M10
2000,October,174.0,M10
2000,October,174.0,M10
2000,September,173.7,M09
2000,September,173.7,M09
2000,September,173.7,M09
2000,September,173.7,M09
2000,September,173.7,M09
2000,August,172.8,M08
2000,August,172.8,M08
2000,August,172.8,M08
2000,August,172.8,M08
2000,August,172.8,M08
2000,July,172.8,M07
2000,July,172.8,M07
2000,July,172.8,M07
2000,July,172.8,M07
2000,July,172.8,M07
2000,June,172.4,M06
2000,June,172.4,M06
2000,June,172.4,M06
2000,June,172.4,M06
2000,June,172.4,M06
2000,May,171.5,M05
2000,May,171.5,M05
2000,May,171.5,M05
2000,May,171.5,M05
2000,May,171.5,M05
2000,April,171.3,M04
2000,April,171.3,M04
2000,April,171.3,M04
2000,April,171.3,M04
2000,April,171.3,M04
2000,March,171.2,M03
2000,March,171.2,M03
2000,March,171.2,M03
2000,March,171.2,M03
2000,March,171.2,M03
2000,February,169.8,M02
2000,February,169.8,M02
2000,February,169.8,M02
2000,February,169.8,M02
2000,February,169.8,M02
2019,May,256.092,M05
2019,May,256.092,M05
2019,May,256.092,M05
2019,May,256.092,M05
2019,May,256.092,M05
2019,May,256.092,M05
2019,April,255.548,M04
2019,April,255.548,M04
2019,April,255.548,M04
2019,April,255.548,M04
2019,April,255.548,M04
2019,March,254.202,M03
2019,March,254.202,M03
2019,March,254.202,M03
2019,March,254.202,M03
2019,March,254.202,M03
2019,February,252.776,M02
2019,February,252.776,M02
2019,February,252.776,M02
2019,February,252.776,M02
2019,February,252.776,M02
2019,January,251.712,M01
2019,January,251.712,M01
2019,January,251.712,M01
2019,January,251.712,M01
2019,January,251.712,M01
2018,December,251.233,M12
2018,December,251.233,M12
2018,December,251.233,M12
2018,December,251.233,M12
2018,December,251.233,M12
2018,November,252.038,M11
2018,November,252.038,M11
2018,November,252.038,M11
2018,November,252.038,M11
2018,November,252.038,M11
2018,October,252.885,M10
2018,October,252.885,M10
2018,October,252.885,M10
2018,October,252.885,M10
2018,October,252.885,M10
2018,September,252.439,M09
2018,September,252.439,M09
2018,September,252.439,M09
2018,September,252.439,M09
2018,September,252.439,M09
2018,August,252.146,M08
2018,August,252.146,M08
2018,August,252.146,M08
2018,August,252.146,M08
2018,August,252.146,M08
2018,July,252.006,M07
2018,July,252.006,M07
2018,July,252.006,M07
2018,July,252.006,M07
2018,July,252.006,M07
2018,June,251.989,M06
2018,June,251.989,M06
2018,June,251.989,M06
2018,June,251.989,M06
2018,June,251.989,M06
2018,May,251.588,M05
2018,May,251.588,M05
2018,May,251.588,M05
2018,May,251.588,M05
2018,May,251.588,M05
2018,April,250.546,M04
2018,April,250.546,M04
2018,April,250.546,M04
2018,April,250.546,M04
2018,April,250.546,M04
2018,March,249.554,M03
2018,March,249.554,M03
2018,March,249.554,M03
2018,March,249.554,M03
2018,March,249.554,M03
2018,February,248.991,M02
2018,February,248.991,M02
2018,February,248.991,M02
2018,February,248.991,M02
2018,February,248.991,M02
2018,January,247.867,M01
2018,January,247.867,M01
2018,January,247.867,M01
2018,January,247.867,M01
2018,January,247.867,M01
2017,December,246.524,M12
2017,December,246.524,M12
2017,December,246.524,M12
2017,December,246.524,M12
2017,December,246.524,M12
2017,November,246.669,M11
2017,November,246.669,M11
2017,November,246.669,M11
2017,November,246.669,M11
2017,November,246.669,M11
2017,October,246.663,M10
2017,October,246.663,M10
2017,October,246.663,M10
2017,October,246.663,M10
2017,October,246.663,M10
2017,September,246.819,M09
2017,September,246.819,M09
2017,September,246.819,M09
2017,September,246.819,M09
2017,September,246.819,M09
2017,August,245.519,M08
2017,August,245.519,M08
2017,August,245.519,M08
2017,August,245.519,M08
2017,August,245.519,M08
2017,July,244.786,M07
2017,July,244.786,M07
2017,July,244.786,M07
2017,July,244.786,M07
2017,July,244.786,M07
2017,June,244.955,M06
2017,June,244.955,M06
2017,June,244.955,M06
2017,June,244.955,M06
2017,June,244.955,M06
2017,May,244.733,M05
2017,May,244.733,M05
2017,May,244.733,M05
2017,May,244.733,M05
2017,May,244.733,M05
2017,April,244.524,M04
2017,April,244.524,M04
2017,April,244.524,M04
2017,April,244.524,M04
2017,April,244.524,M04
2017,March,243.801,M03
2017,March,243.801,M03
2017,March,243.801,M03
2017,March,243.801,M03
2017,March,243.801,M03
2017,February,243.603,M02
2017,February,243.603,M02
2017,February,243.603,M02
2017,February,243.603,M02
2017,February,243.603,M02
2017,January,242.839,M01
2017,January,242.839,M01
2017,January,242.839,M01
2017,January,242.839,M01
2017,January,242.839,M01
2016,December,241.432,M12
2016,December,241.432,M12
2016,December,241.432,M12
2016,December,241.432,M12
2016,December,241.432,M12
2016,November,241.353,M11
2016,November,241.353,M11
2016,November,241.353,M11
2016,November,241.353,M11
2016,November,241.353,M11
2016,October,241.729,M10
2016,October,241.729,M10
2016,October,241.729,M10
2016,October,241.729,M10
2016,October,241.729,M10
2016,September,241.428,M09
2016,September,241.428,M09
2016,September,241.428,M09
2016,September,241.428,M09
2016,September,241.428,M09
2016,August,240.849,M08
2016,August,240.849,M08
2016,August,240.849,M08
2016,August,240.849,M08
2016,August,240.849,M08
2016,July,240.628,M07
2016,July,240.628,M07
2016,July,240.628,M07
2016,July,240.628,M07
2016,July,240.628,M07
2016,June,241.018,M06
2016,June,241.018,M06
2016,June,241.018,M06
2016,June,241.018,M06
2016,June,241.018,M06
2016,May,240.229,M05
2016,May,240.229,M05
2016,May,240.229,M05
2016,May,240.229,M05
2016,May,240.229,M05
2016,April,239.261,M04
2016,April,239.261,M04
2016,April,239.261,M04
2016,April,239.261,M04
2016,April,239.261,M04
2016,March,238.132,M03
2016,March,238.132,M03
2016,March,238.132,M03
2016,March,238.132,M03
2016,March,238.132,M03
2016,February,237.111,M02
2016,February,237.111,M02
2016,February,237.111,M02
2016,February,237.111,M02
2016,February,237.111,M02
2016,January,236.916,M01
2016,January,236.916,M01
2016,January,236.916,M01
2016,January,236.916,M01
2016,January,236.916,M01
2015,December,236.525,M12
2015,December,236.525,M12
2015,December,236.525,M12
2015,December,236.525,M12
2015,December,236.525,M12
2015,November,237.336,M11
2015,November,237.336,M11
2015,November,237.336,M11
2015,November,237.336,M11
2015,November,237.336,M11
2015,October,237.838,M10
2015,October,237.838,M10
2015,October,237.838,M10
2015,October,237.838,M10
2015,October,237.838,M10
2015,September,237.945,M09
2015,September,237.945,M09
2015,September,237.945,M09
2015,September,237.945,M09
2015,September,237.945,M09
2015,August,238.316,M08
2015,August,238.316,M08
2015,August,238.316,M08
2015,August,238.316,M08
2015,August,238.316,M08
2015,July,238.654,M07
2015,July,238.654,M07
2015,July,238.654,M07
2015,July,238.654,M07
2015,July,238.654,M07
2015,June,238.638,M06
2015,June,238.638,M06
2015,June,238.638,M06
2015,June,238.638,M06
2015,June,238.638,M06
2015,May,237.805,M05
2015,May,237.805,M05
2015,May,237.805,M05
2015,May,237.805,M05
2015,May,237.805,M05
2015,April,236.599,M04
2015,April,236.599,M04
2015,April,236.599,M04
2015,April,236.599,M04
2015,April,236.599,M04
2015,March,236.119,M03
2015,March,236.119,M03
2015,March,236.119,M03
2015,March,236.119,M03
2015,March,236.119,M03
2015,February,234.722,M02
2015,February,234.722,M02
2015,February,234.722,M02
2015,February,234.722,M02
2015,February,234.722,M02
2015,January,233.707,M01
2015,January,233.707,M01
2015,January,233.707,M01
2015,January,233.707,M01
2015,January,233.707,M01
2014,December,234.812,M12
2014,December,234.812,M12
2014,December,234.812,M12
2014,December,234.812,M12
2014,December,234.812,M12
2014,November,236.151,M11
2014,November,236.151,M11
2014,November,236.151,M11
2014,November,236.151,M11
2014,November,236.151,M11
2014,October,237.433,M10
2014,October,237.433,M10
2014,October,237.433,M10
2014,October,237.433,M10
2014,October,237.433,M10
2014,September,238.031,M09
2014,September,238.031,M09
2014,September,238.031,M09
2014,September,238.031,M09
2014,September,238.031,M09
2014,August,237.852,M08
2014,August,237.852,M08
2014,August,237.852,M08
2014,August,237.852,M08
2014,August,237.852,M08
2014,July,238.250,M07
2014,July,238.250,M07
2014,July,238.250,M07
2014,July,238.250,M07
2014,July,238.250,M07
2014,June,238.343,M06
2014,June,238.343,M06
2014,June,238.343,M06
2014,June,238.343,M06
2014,June,238.343,M06
2014,May,237.900,M05
2014,May,237.900,M05
2014,May,237.900,M05
2014,May,237.900,M05
2014,May,237.900,M05
2014,April,237.072,M04
2014,April,237.072,M04
2014,April,237.072,M04
2014,April,237.072,M04
2014,April,237.072,M04
2014,March,236.293,M03
2014,March,236.293,M03
2014,March,236.293,M03
2014,March,236.293,M03
2014,March,236.293,M03
2014,February,234.781,M02
2014,February,234.781,M02
2014,February,234.781,M02
2014,February,234.781,M02
2014,February,234.781,M02
2014,January,233.916,M01
2014,January,233.916,M01
2014,January,233.916,M01
2014,January,233.916,M01
2014,January,233.916,M01
2013,December,233.049,M12
2013,December,233.049,M12
2013,December,233.049,M12
2013,December,233.049,M12
2013,December,233.049,M12
2013,November,233.069,M11
2013,November,233.069,M11
2013,November,233.069,M11
2013,November,233.069,M11
2013,November,233.069,M11
2013,October,233.546,M10
2013,October,233.546,M10
2013,October,233.546,M10
2013,October,233.546,M10
2013,October,233.546,M10
2013,September,234.149,M09
2013,September,234.149,M09
2013,September,234.149,M09
2013,September,234.149,M09
2013,September,234.149,M09
2013,August,233.877,M08
2013,August,233.877,M08
2013,August,233.877,M08
2013,August,233.877,M08
2013,August,233.877,M08
2013,July,233.596,M07
2013,July,233.596,M07
2013,July,233.596,M07
2013,July,233.596,M07
2013,July,233.596,M07
2013,June,233.504,M06
2013,June,233.504,M06
2013,June,233.504,M06
2013,June,233.504,M06
2013,June,233.504,M06
2013,May,232.945,M05
2013,May,232.945,M05
2013,May,232.945,M05
2013,May,232.945,M05
2013,May,232.945,M05
2013,April,232.531,M04
2013,April,232.531,M04
2013,April,232.531,M04
2013,April,232.531,M04
2013,April,232.531,M04
2013,March,232.773,M03
2013,March,232.773,M03
2013,March,232.773,M03
2013,March,232.773,M03
2013,March,232.773,M03
2013,February,232.166,M02
2013,February,232.166,M02
2013,February,232.166,M02
2013,February,232.166,M02
2013,February,232.166,M02
2013,January,230.280,M01
2013,January,230.280,M01
2013,January,230.280,M01
2013,January,230.280,M01
2013,January,230.280,M01
2012,December,229.601,M12
2012,December,229.601,M12
2012,December,229.601,M12
2012,December,229.601,M12
2012,December,229.601,M12
2012,November,230.221,M11
2012,November,230.221,M11
2012,November,230.221,M11
2012,November,230.221,M11
2012,November,230.221,M11
2012,October,231.317,M10
2012,October,231.317,M10
2012,October,231.317,M10
2012,October,231.317,M10
2012,October,231.317,M10
2012,September,231.407,M09
2012,September,231.407,M09
2012,September,231.407,M09
2012,September,231.407,M09
2012,September,231.407,M09
2012,August,230.379,M08
2012,August,230.379,M08
2012,August,230.379,M08
2012,August,230.379,M08
2012,August,230.379,M08
2012,July,229.104,M07
2012,July,229.104,M07
2012,July,229.104,M07
2012,July,229.104,M07
2012,July,229.104,M07
2012,June,229.478,M06
2012,June,229.478,M06
2012,June,229.478,M06
2012,June,229.478,M06
2012,June,229.478,M06
2012,May,229.815,M05
2012,May,229.815,M05
2012,May,229.815,M05
2012,May,229.815,M05
2012,May,229.815,M05
2012,April,230.085,M04
2012,April,230.085,M04
2012,April,230.085,M04
2012,April,230.085,M04
2012,April,230.085,M04
2012,March,229.392,M03
2012,March,229.392,M03
2012,March,229.392,M03
2012,March,229.392,M03
2012,March,229.392,M03
2012,February,227.663,M02
2012,February,227.663,M02
2012,February,227.663,M02
2012,February,227.663,M02
2012,February,227.663,M02
2012,January,226.665,M01
2012,January,226.665,M01
2012,January,226.665,M01
2012,January,226.665,M01
2012,January,226.665,M01
2011,December,225.672,M12
2011,December,225.672,M12
2011,December,225.672,M12
2011,December,225.672,M12
2011,December,225.672,M12
2011,November,226.230,M11
2011,November,226.230,M11
2011,November,226.230,M11
2011,November,226.230,M11
2011,November,226.230,M11
2011,October,226.421,M10
2011,October,226.421,M10
2011,October,226.421,M10
2011,October,226.421,M10
2011,October,226.421,M10
2011,September,226.889,M09
2011,September,226.889,M09
2011,September,226.889,M09
2011,September,226.889,M09
2011,September,226.889,M09
2011,August,226.545,M08
2011,August,226.545,M08
2011,August,226.545,M08
2011,August,226.545,M08
2011,August,226.545,M08
2011,July,225.922,M07
2011,July,225.922,M07
2011,July,225.922,M07
2011,July,225.922,M07
2011,July,225.922,M07
2011,June,225.722,M06
2011,June,225.722,M06
2011,June,225.722,M06
2011,June,225.722,M06
2011,June,225.722,M06
2011,May,225.964,M05
2011,May,225.964,M05
2011,May,225.964,M05
2011,May,225.964,M05
2011,May,225.964,M05
2011,April,224.906,M04
2011,April,224.906,M04
2011,April,224.906,M04
2011,April,224.906,M04
2011,April,224.906,M04
2011,March,223.467,M03
2011,March,223.467,M03
2011,March,223.467,M03
2011,March,223.467,M03
2011,March,223.467,M03
2011,February,221.309,M02
2011,February,221.309,M02
2011,February,221.309,M02
2011,February,221.309,M02
2011,February,221.309,M02
2011,January,220.223,M01
2011,January,220.223,M01
2011,January,220.223,M01
2011,January,220.223,M01
2011,January,220.223,M01
2010,December,219.179,M12
2010,December,219.179,M12
2010,December,219.179,M12
2010,December,219.179,M12
2010,December,219.179,M12
2010,November,218.803,M11
2010,November,218.803,M11
2010,November,218.803,M11
2010,November,218.803,M11
2010,November,218.803,M11
2010,October,218.711,M10
2010,October,218.711,M10
2010,October,218.711,M10
2010,October,218.711,M10
2010,October,218.711,M10
2010,September,218.439,M09
2010,September,218.439,M09
2010,September,218.439,M09
2010,September,218.439,M09
2010,September,218.439,M09
2010,August,218.312,M08
2010,August,218.312,M08
2010,August,218.312,M08
2010,August,218.312,M08
2010,August,218.312,M08
2010,July,218.011,M07
2010,July,218.011,M07
2010,July,218.011,M07
2010,July,218.011,M07
2010,July,218.011,M07
2010,June,217.965,M06
2010,June,217.965,M06
2010,June,217.965,M06
2010,June,217.965,M06
2010,June,217.965,M06
2010,May,218.178,M05
2010,May,218.178,M05
2010,May,218.178,M05
2010,May,218.178,M05
2010,May,218.178,M05
2010,April,218.009,M04
2010,April,218.009,M04
2010,April,218.009,M04
2010,April,218.009,M04
2010,April,218.009,M04
2010,March,217.631,M03
2010,March,217.631,M03
2010,March,217.631,M03
2010,March,217.631,M03
2010,March,217.631,M03
2010,February,216.741,M02
2010,February,216.741,M02
2010,February,216.741,M02
2010,February,216.741,M02
2010,February,216.741,M02
