State,Population group,Civilian non-institutional population,Total,Percent of population,Total Employed,Percent of population Employed,Total Unemployed,Rate Unemployed
Alabama,Total,"3,847","2,208",57.4,"2,121",55.1,87,3.9
Alabama,Men,"1,820","1,180",64.9,"1,135",62.4,45,3.8
Alabama,Women,"2,027","1,027",50.7,986,48.6,42,4.1
Alabama,White,"2,711","1,567",57.8,"1,523",56.2,44,2.8
Alabama,"White, men","1,310",880,67.2,857,65.4,23,2.6
Alabama,"White, women","1,401",686,49,666,47.5,21,3
Alabama,Black or African American,999,558,55.8,519,52,38,6.9
Alabama,"Black or African American, men",443,254,57.4,235,53.1,19,7.4
Alabama,"Black or African American, women",556,304,54.6,284,51.1,19,6.4
Alabama,Hispanic or Latino ethnicity,143,97,67.5,92,64.4,5,4.6
Alabama,"Hispanic or Latino ethnicity, men",75,66,87.4,64,85.1,2,2.6
Alabama,"Total, 16 to 19 years",236,75,31.9,66,27.9,9,12.5
Alabama,"Total, 20 to 24 years",333,228,68.5,212,63.8,16,6.8
Alabama,"Total, 25 to 34 years",627,492,78.5,469,74.8,23,4.7
Alabama,"Total, 35 to 44 years",578,451,78,433,75,18,3.9
Alabama,"Total, 45 to 54 years",653,481,73.7,471,72,11,2.2
Alabama,"Total, 55 to 64 years",666,353,53,347,52.1,6,1.7
Alabama,"Total, 65 years and over",753,127,16.9,123,16.3,5,3.6
Alabama,"Men, 20 to 24 years",166,122,73.2,113,68.3,8,6.7
Alabama,"Men, 25 to 34 years",303,258,85.1,248,81.7,10,4
Alabama,"Men, 35 to 44 years",280,238,85,229,81.6,9,3.9
Alabama,"Men, 45 to 54 years",313,255,81.4,250,79.9,5,1.9
Alabama,"Men, 55 to 64 years",316,200,63.4,196,61.9,4,2.2
Alabama,"Men, 65 years and over",331,68,20.4,66,19.8,2,3.1
Alabama,"Women, 20 to 24 years",167,107,63.8,99,59.4,7,7
Alabama,"Women, 25 to 34 years",324,234,72.3,222,68.3,13,5.4
Alabama,"Women, 35 to 44 years",298,213,71.5,205,68.7,8,3.9
Alabama,"Women, 45 to 54 years",341,227,66.6,221,64.8,6,2.6
Alabama,"Women, 55 to 64 years",351,153,43.7,152,43.3,2,1
Alabama,"Women, 65 years and over",423,60,14.1,57,13.5,3,4.2
Alaska,Total,546,355,65,332,60.7,23,6.6
Alaska,Men,278,191,68.7,176,63.1,16,8.2
Alaska,Women,268,164,61.1,156,58.2,8,4.7
Alaska,White,351,233,66.3,224,63.6,10,4.1
Alaska,"White, men",182,127,70,121,66.4,7,5.1
Alaska,"White, women",169,106,62.4,103,60.6,3,2.9
Alaska,Hispanic or Latino ethnicity,32,22,68.4,21,65.2,1,4.3
Alaska,"Hispanic or Latino ethnicity, men",18,13,69.5,12,65.9,1,5
Alaska,"Total, 16 to 19 years",38,13,35.3,11,28.2,3,20
Alaska,"Total, 20 to 24 years",49,36,73.8,32,65.3,4,11.8
Alaska,"Total, 25 to 34 years",108,86,79.8,80,73.8,7,7.6
Alaska,"Total, 35 to 44 years",83,67,80.8,64,76.8,3,4.9
Alaska,"Total, 45 to 54 years",82,66,80.9,63,77,3,4.8
Alaska,"Total, 55 to 64 years",97,62,64.2,60,61.5,3,4.2
Alaska,"Total, 65 years and over",89,23,26,22,24.9,1,4.3
Alaska,"Men, 20 to 24 years",26,20,77.8,17,65.6,3,15.5
Alaska,"Men, 25 to 34 years",54,46,85.4,41,77.1,5,9.8
Alaska,"Men, 35 to 44 years",42,36,84.7,33,79,2,6.6
Alaska,"Men, 45 to 54 years",41,35,84.9,33,80.6,2,5.1
Alaska,"Men, 55 to 64 years",52,36,69.4,35,66.7,1,3.9
Alaska,"Men, 65 years and over",43,13,28.9,12,27.4,1,5.5
Alaska,"Women, 20 to 24 years",24,17,69.8,15,65,1,7
Alaska,"Women, 25 to 34 years",55,41,74.2,39,70.6,2,5
Alaska,"Women, 35 to 44 years",41,32,76.8,31,74.6,1,2.7
Alaska,"Women, 45 to 54 years",41,32,76.8,30,73.4,1,4.4
Alaska,"Women, 55 to 64 years",45,26,58.1,25,55.5,1,4.6
Arizona,Total,"5,568","3,409",61.2,"3,250",58.4,159,4.7
Arizona,Men,"2,716","1,829",67.3,"1,740",64.1,89,4.9
Arizona,Women,"2,852","1,580",55.4,"1,510",52.9,70,4.4
Arizona,White,"4,776","2,879",60.3,"2,755",57.7,125,4.3
Arizona,"White, men","2,328","1,554",66.7,"1,482",63.7,72,4.6
Arizona,"White, women","2,448","1,326",54.2,"1,273",52,53,4
Arizona,Black or African American,240,173,72.1,158,66,15,8.4
Arizona,Hispanic or Latino ethnicity,"1,747","1,134",64.9,"1,070",61.2,64,5.7
Arizona,"Hispanic or Latino ethnicity, men",857,635,74,601,70.1,34,5.3
Arizona,"Hispanic or Latino ethnicity, women",890,499,56.1,469,52.7,31,6.1
Arizona,"Total, 16 to 19 years",416,143,34.3,118,28.4,25,17.3
Arizona,"Total, 20 to 24 years",483,374,77.3,345,71.3,29,7.8
Arizona,"Total, 25 to 34 years",894,725,81,688,77,36,5
Arizona,"Total, 35 to 44 years",839,681,81.1,663,79,18,2.6
Arizona,"Total, 45 to 54 years",910,719,79,702,77.2,17,2.3
Arizona,"Total, 55 to 64 years",899,566,63,543,60.4,23,4.1
Arizona,"Total, 65 years and over","1,127",203,18,191,17,12,5.8
Arizona,"Men, 20 to 24 years",253,190,75.2,173,68.4,17,9
Arizona,"Men, 25 to 34 years",448,400,89.3,383,85.4,18,4.4
Arizona,"Men, 35 to 44 years",409,378,92.4,371,90.8,7,1.7
Arizona,"Men, 45 to 54 years",446,390,87.3,383,85.7,7,1.8
Arizona,"Men, 55 to 64 years",423,295,69.9,279,66.1,16,5.4
Arizona,"Men, 65 years and over",522,107,20.5,99,18.9,8,7.8
Arizona,"Women, 20 to 24 years",230,184,79.7,172,74.5,12,6.5
Arizona,"Women, 25 to 34 years",446,324,72.7,305,68.5,19,5.8
Arizona,"Women, 35 to 44 years",430,303,70.4,292,67.8,11,3.6
Arizona,"Women, 45 to 54 years",464,329,70.9,320,68.9,10,2.9
Arizona,"Women, 55 to 64 years",476,271,56.8,263,55.3,7,2.7
Arkansas,Total,"2,341","1,342",57.3,"1,291",55.2,50,3.8
Arkansas,Men,"1,126",707,62.8,680,60.4,28,3.9
Arkansas,Women,"1,215",634,52.2,611,50.3,23,3.6
Arkansas,White,"1,887","1,080",57.2,"1,047",55.5,33,3
Arkansas,"White, men",916,583,63.6,565,61.7,18,3
Arkansas,"White, women",971,497,51.2,482,49.6,15,3.1
Arkansas,Black or African American,344,200,57.9,186,54,13,6.7
Arkansas,"Black or African American, men",155,89,57.7,82,52.8,8,8.6
Arkansas,"Black or African American, women",190,110,58.1,105,55.1,6,5.2
Arkansas,Hispanic or Latino ethnicity,168,115,68.8,111,66.2,4,3.7
Arkansas,"Hispanic or Latino ethnicity, men",87,66,76.3,63,73,3,4.4
Arkansas,"Hispanic or Latino ethnicity, women",81,49,60.8,48,59,1,2.8
Arkansas,"Total, 16 to 19 years",157,51,32.2,46,29.3,5,9.1
Arkansas,"Total, 20 to 24 years",217,149,68.7,138,63.3,12,7.8
Arkansas,"Total, 25 to 34 years",398,307,77.1,295,74,12,4
Arkansas,"Total, 35 to 44 years",328,262,80,255,77.8,7,2.8
Arkansas,"Total, 45 to 54 years",368,279,75.9,272,74,7,2.4
Arkansas,"Total, 55 to 64 years",380,216,56.9,210,55.2,6,2.8
Arkansas,"Total, 65 years and over",493,77,15.7,76,15.4,2,2.1
Arkansas,"Men, 20 to 24 years",114,84,73.8,77,67.5,7,8.5
Arkansas,"Men, 25 to 34 years",200,162,81.3,155,77.5,8,4.7
Arkansas,"Men, 35 to 44 years",153,131,85.8,128,83.7,3,2.5
Arkansas,"Men, 45 to 54 years",175,143,81.6,139,79.5,4,2.6
Arkansas,"Men, 55 to 64 years",184,116,63.2,114,62,2,2
Arkansas,"Men, 65 years and over",225,45,19.8,43,19.3,1,2.4
Arkansas,"Women, 20 to 24 years",104,66,63.2,61,58.8,5,7
Arkansas,"Women, 25 to 34 years",199,145,72.8,140,70.5,5,3.2
Arkansas,"Women, 35 to 44 years",175,131,74.9,127,72.6,4,3.1
Arkansas,"Women, 45 to 54 years",193,137,70.6,133,69,3,2.3
Arkansas,"Women, 55 to 64 years",196,100,50.9,96,48.9,4,3.8
California,Total,"31,238","19,479",62.4,"18,666",59.8,813,4.2
California,Men,"15,270","10,631",69.6,"10,218",66.9,413,3.9
California,Women,"15,968","8,848",55.4,"8,448",52.9,400,4.5
California,White,"22,638","14,094",62.3,"13,511",59.7,583,4.1
California,"White, men","11,201","7,829",69.9,"7,534",67.3,295,3.8
California,"White, women","11,437","6,265",54.8,"5,977",52.3,288,4.6
California,Black or African American,"1,962","1,207",61.5,"1,128",57.5,79,6.5
California,"Black or African American, men",932,612,65.7,574,61.5,39,6.3
California,"Black or African American, women","1,029",595,57.8,555,53.9,40,6.7
California,Hispanic or Latino ethnicity,"11,231","7,366",65.6,"6,992",62.3,374,5.1
California,"Hispanic or Latino ethnicity, men","5,578","4,142",74.2,"3,951",70.8,191,4.6
California,"Hispanic or Latino ethnicity, women","5,653","3,224",57,"3,041",53.8,183,5.7
California,"Total, 16 to 19 years","2,014",545,27.1,457,22.7,88,16.2
California,"Total, 20 to 24 years","2,633","1,731",65.8,"1,609",61.1,123,7.1
California,"Total, 25 to 34 years","5,790","4,683",80.9,"4,477",77.3,207,4.4
California,"Total, 35 to 44 years","5,363","4,339",80.9,"4,203",78.4,137,3.1
California,"Total, 45 to 54 years","5,084","4,043",79.5,"3,914",77,129,3.2
California,"Total, 55 to 64 years","4,721","3,029",64.1,"2,928",62,100,3.3
California,"Total, 65 years and over","5,633","1,108",19.7,"1,079",19.1,29,2.6
California,"Men, 16 to 19 years","1,003",259,25.8,218,21.7,41,15.7
California,"Men, 20 to 24 years","1,326",916,69.1,848,63.9,68,7.4
California,"Men, 25 to 34 years","2,950","2,589",87.8,"2,489",84.4,100,3.9
California,"Men, 35 to 44 years","2,679","2,430",90.7,"2,358",88,72,2.9
California,"Men, 45 to 54 years","2,508","2,190",87.3,"2,125",84.7,65,3
California,"Men, 55 to 64 years","2,289","1,643",71.8,"1,590",69.4,53,3.2
California,"Men, 65 years and over","2,515",604,24,590,23.4,15,2.4
California,"Women, 16 to 19 years","1,011",287,28.3,239,23.6,47,16.6
California,"Women, 20 to 24 years","1,307",816,62.4,761,58.2,54,6.7
California,"Women, 25 to 34 years","2,840","2,095",73.8,"1,988",70,107,5.1
California,"Women, 35 to 44 years","2,684","1,909",71.1,"1,844",68.7,65,3.4
California,"Women, 45 to 54 years","2,576","1,853",71.9,"1,789",69.4,64,3.5
California,"Women, 55 to 64 years","2,432","1,386",57,"1,339",55,47,3.4
California,"Women, 65 years and over","3,118",503,16.1,489,15.7,14,2.8
Colorado,Total,"4,468","3,091",69.2,"2,988",66.9,103,3.3
Colorado,Men,"2,215","1,677",75.7,"1,610",72.7,68,4
Colorado,Women,"2,253","1,414",62.7,"1,379",61.2,35,2.5
Colorado,White,"3,932","2,729",69.4,"2,642",67.2,87,3.2
Colorado,"White, men","1,947","1,471",75.6,"1,416",72.7,55,3.8
Colorado,"White, women","1,986","1,258",63.3,"1,226",61.8,31,2.5
Colorado,Hispanic or Latino ethnicity,860,601,69.9,581,67.5,21,3.4
Colorado,"Hispanic or Latino ethnicity, men",425,324,76.2,314,73.9,10,3.1
Colorado,"Hispanic or Latino ethnicity, women",435,277,63.8,267,61.4,11,3.8
Colorado,"Total, 20 to 24 years",357,273,76.5,262,73.4,11,4.1
Colorado,"Total, 25 to 34 years",868,764,88,739,85.1,25,3.3
Colorado,"Total, 35 to 44 years",773,663,85.8,648,83.8,15,2.3
Colorado,"Total, 45 to 54 years",705,591,83.9,580,82.2,12,2
Colorado,"Total, 55 to 64 years",706,499,70.7,480,67.9,19,3.8
Colorado,"Total, 65 years and over",795,191,24,186,23.4,5,2.4
Colorado,"Men, 25 to 34 years",466,435,93.5,417,89.5,19,4.3
Colorado,"Men, 35 to 44 years",381,359,94.3,350,91.9,9,2.5
Colorado,"Men, 45 to 54 years",347,314,90.5,306,88.3,8,2.5
Colorado,"Men, 55 to 64 years",346,267,77.1,256,74,11,4.1
Colorado,"Women, 25 to 34 years",403,329,81.7,323,80.1,6,1.9
Colorado,"Women, 35 to 44 years",392,304,77.5,298,75.9,6,2.1
Colorado,"Women, 45 to 54 years",358,277,77.4,273,76.3,4,1.5
Colorado,"Women, 55 to 64 years",360,232,64.4,223,62.1,8,3.6
Connecticut,Total,"2,897","1,907",65.8,"1,828",63.1,79,4.1
Connecticut,Men,"1,395",987,70.8,942,67.5,46,4.6
Connecticut,Women,"1,502",920,61.3,887,59,33,3.6
Connecticut,White,"2,390","1,576",65.9,"1,521",63.6,55,3.5
Connecticut,"White, men","1,170",828,70.8,795,67.9,34,4.1
Connecticut,"White, women","1,220",748,61.3,726,59.5,21,2.9
Connecticut,Black or African American,324,209,64.5,190,58.8,19,8.9
Connecticut,"Black or African American, men",149,96,64.3,84,56.6,11,12
Connecticut,"Black or African American, women",175,113,64.7,106,60.6,7,6.3
Connecticut,Hispanic or Latino ethnicity,428,271,63.4,252,59,19,6.9
Connecticut,"Hispanic or Latino ethnicity, men",206,141,68.5,130,63.3,11,7.6
Connecticut,"Hispanic or Latino ethnicity, women",222,130,58.6,122,55,8,6.1
Connecticut,"Total, 20 to 24 years",185,125,67.5,112,60.5,13,10.4
Connecticut,"Total, 25 to 34 years",503,434,86.3,419,83.3,15,3.4
Connecticut,"Total, 35 to 44 years",432,356,82.5,345,80,11,3
Connecticut,"Total, 45 to 54 years",466,408,87.6,392,84.1,16,4
Connecticut,"Total, 55 to 64 years",539,383,71,373,69.2,10,2.5
Connecticut,"Total, 65 years and over",598,139,23.3,135,22.5,4,3
Connecticut,"Men, 25 to 34 years",258,231,89.6,220,85.4,11,4.6
Connecticut,"Men, 35 to 44 years",216,193,89.4,188,87.2,5,2.5
Connecticut,"Men, 45 to 54 years",224,200,89.7,191,85.5,9,4.6
Connecticut,"Men, 55 to 64 years",248,190,76.6,185,74.8,5,2.4
Connecticut,"Men, 65 years and over",277,83,29.8,80,28.7,3,3.8
Connecticut,"Women, 20 to 24 years",100,67,66.8,61,60.8,6,9
Connecticut,"Women, 25 to 34 years",245,203,82.8,198,81.1,4,2.1
Connecticut,"Women, 35 to 44 years",216,163,75.5,157,72.8,6,3.6
Connecticut,"Women, 45 to 54 years",242,208,85.7,201,82.7,7,3.5
Connecticut,"Women, 55 to 64 years",292,193,66.2,188,64.4,5,2.7
Delaware,Total,775,488,62.9,469,60.5,19,3.8
Delaware,Men,368,250,68,241,65.5,9,3.7
Delaware,Women,408,238,58.3,228,56,9,3.9
Delaware,White,552,339,61.4,329,59.6,10,3
Delaware,"White, men",268,180,67.1,174,64.9,6,3.1
Delaware,"White, women",284,159,56,155,54.5,4,2.8
Delaware,Black or African American,167,112,67,105,62.8,7,6.2
Delaware,"Black or African American, men",75,52,68.9,49,64.8,3,6
Delaware,"Black or African American, women",92,60,65.4,56,61.2,4,6.3
Delaware,Hispanic or Latino ethnicity,62,45,72.4,43,69.6,2,3.8
Delaware,"Hispanic or Latino ethnicity, men",29,25,87.9,24,85.3,1,3
Delaware,"Hispanic or Latino ethnicity, women",33,20,59.1,19,56.2,1,5
Delaware,"Total, 16 to 19 years",42,18,42.3,15,36.9,2,12.7
Delaware,"Total, 20 to 24 years",64,47,73.1,43,66.8,4,8.6
Delaware,"Total, 25 to 34 years",127,110,86.3,106,83.3,4,3.6
Delaware,"Total, 35 to 44 years",108,91,83.9,89,82,2,2.1
Delaware,"Total, 45 to 54 years",115,96,83.3,93,80.9,3,2.8
Delaware,"Total, 55 to 64 years",143,95,66.3,92,64.2,3,3.3
Delaware,"Total, 65 years and over",177,33,18.4,32,18,1,2.1
Delaware,"Men, 20 to 24 years",30,24,79.6,21,70.5,3,11.5
Delaware,"Men, 25 to 34 years",62,57,91.7,56,89.4,2,2.6
Delaware,"Men, 35 to 44 years",53,48,90.3,47,88.7,1,1.7
Delaware,"Men, 45 to 54 years",55,47,85.8,46,83.9,1,2.3
Delaware,"Men, 55 to 64 years",67,49,73.2,48,71.4,1,2.6
Delaware,"Men, 65 years and over",79,17,21.3,16,20.5,1,3.4
Delaware,"Women, 20 to 24 years",34,23,67.3,22,63.6,1,5.5
Delaware,"Women, 25 to 34 years",65,53,81.2,50,77.3,3,4.8
Delaware,"Women, 35 to 44 years",55,43,77.5,42,75.6,1,2.6
Delaware,"Women, 45 to 54 years",60,49,80.8,47,78.2,2,3.2
Delaware,"Women, 55 to 64 years",76,46,60.2,44,57.9,2,3.9
District of Columbia,Total,576,406,70.4,383,66.5,23,5.6
District of Columbia,Men,268,200,74.7,189,70.5,11,5.6
District of Columbia,Women,308,206,66.8,194,63,12,5.6
District of Columbia,White,271,226,83.2,221,81.4,5,2.1
District of Columbia,"White, men",135,115,85,112,83.1,3,2.3
District of Columbia,"White, women",137,111,81.4,109,79.7,2,2
District of Columbia,Black or African American,258,145,56.1,128,49.4,17,11.9
District of Columbia,"Black or African American, men",113,70,61.9,62,54.6,8,11.8
District of Columbia,"Black or African American, women",145,75,51.6,66,45.3,9,12.1
District of Columbia,Hispanic or Latino ethnicity,54,42,78.1,40,75.2,2,3.7
District of Columbia,"Hispanic or Latino ethnicity, men",26,22,82.8,21,79.9,1,3.1
District of Columbia,"Hispanic or Latino ethnicity, women",27,20,73.5,19,70.3,1,4.3
District of Columbia,"Total, 20 to 24 years",52,38,73.8,34,66,4,10.7
District of Columbia,"Total, 25 to 34 years",175,156,89,148,84.3,8,5.3
District of Columbia,"Total, 35 to 44 years",102,90,88,86,84.5,4,4
District of Columbia,"Total, 45 to 54 years",71,56,78.7,54,75.2,3,4.5
District of Columbia,"Total, 55 to 64 years",63,39,62.5,38,59.8,2,4.3
District of Columbia,"Total, 65 years and over",92,22,24.2,21,22.8,1,5.8
District of Columbia,"Men, 20 to 24 years",26,18,71.3,16,61.9,2,13.4
District of Columbia,"Men, 25 to 34 years",81,75,91.9,71,86.8,4,5.5
District of Columbia,"Men, 35 to 44 years",47,43,91.8,42,88.5,2,3.5
District of Columbia,"Men, 45 to 54 years",35,29,83.7,28,80.1,1,4.1
District of Columbia,"Men, 55 to 64 years",31,21,67.7,20,65.3,1,3.8
District of Columbia,"Men, 65 years and over",38,12,31.4,11,29.8,1,5.1
District of Columbia,"Women, 20 to 24 years",26,20,76.7,18,70,2,8.5
District of Columbia,"Women, 25 to 34 years",94,81,86.5,77,82.2,4,5.1
District of Columbia,"Women, 35 to 44 years",55,46,84.7,44,81,2,4.5
District of Columbia,"Women, 45 to 54 years",37,27,74.1,26,70.5,1,4.8
District of Columbia,"Women, 55 to 64 years",32,18,57.5,17,54.4,1,5.2
District of Columbia,"Women, 65 years and over",54,10,19.1,10,17.8,1,7.1
Florida,Total,"17,246","10,248",59.4,"9,879",57.3,369,3.6
Florida,Men,"8,263","5,380",65.1,"5,200",62.9,179,3.3
Florida,Women,"8,984","4,868",54.2,"4,679",52.1,190,3.9
Florida,White,"13,769","8,011",58.2,"7,773",56.5,239,3
Florida,"White, men","6,678","4,302",64.4,"4,176",62.5,126,2.9
Florida,"White, women","7,091","3,709",52.3,"3,597",50.7,112,3
Florida,Black or African American,"2,691","1,727",64.2,"1,619",60.2,108,6.2
Florida,"Black or African American, men","1,235",824,66.7,781,63.2,43,5.2
Florida,"Black or African American, women","1,456",903,62,839,57.6,65,7.2
Florida,Hispanic or Latino ethnicity,"4,309","2,756",64,"2,659",61.7,98,3.5
Florida,"Hispanic or Latino ethnicity, men","2,079","1,525",73.4,"1,475",70.9,50,3.3
Florida,"Hispanic or Latino ethnicity, women","2,230","1,232",55.2,"1,184",53.1,48,3.9
Florida,"Total, 16 to 19 years",985,306,31.1,266,27,41,13.2
Florida,"Total, 20 to 24 years","1,267",874,69,815,64.3,59,6.8
Florida,"Total, 25 to 34 years","2,613","2,106",80.6,"2,028",77.6,78,3.7
Florida,"Total, 35 to 44 years","2,520","2,084",82.7,"2,039",80.9,46,2.2
Florida,"Total, 45 to 54 years","2,859","2,288",80,"2,219",77.6,69,3
Florida,"Total, 55 to 64 years","2,852","1,806",63.3,"1,753",61.5,53,2.9
Florida,"Total, 65 years and over","4,151",784,18.9,760,18.3,24,3.1
Florida,"Men, 16 to 19 years",515,153,29.7,128,24.9,25,16.4
Florida,"Men, 20 to 24 years",672,469,69.8,435,64.8,33,7.1
Florida,"Men, 25 to 34 years","1,275","1,113",87.3,"1,085",85,28,2.5
Florida,"Men, 35 to 44 years","1,197","1,087",90.8,"1,067",89.1,20,1.8
Florida,"Men, 45 to 54 years","1,397","1,204",86.2,"1,172",83.9,33,2.7
Florida,"Men, 55 to 64 years","1,323",922,69.7,894,67.6,28,3
Florida,"Men, 65 years and over","1,884",432,22.9,420,22.3,13,3
Florida,"Women, 16 to 19 years",470,153,32.6,138,29.3,15,10.1
Florida,"Women, 20 to 24 years",595,405,68,379,63.7,26,6.4
Florida,"Women, 25 to 34 years","1,337",993,74.2,943,70.5,50,5
Florida,"Women, 35 to 44 years","1,323",998,75.4,972,73.5,26,2.6
Florida,"Women, 45 to 54 years","1,463","1,083",74.1,"1,047",71.6,37,3.4
Florida,"Women, 55 to 64 years","1,529",884,57.8,859,56.2,25,2.9
Florida,"Women, 65 years and over","2,267",352,15.5,341,15,11,3.2
Georgia,Total,"8,117","5,125",63.1,"4,927",60.7,198,3.9
Georgia,Men,"3,840","2,672",69.6,"2,574",67,97,3.6
Georgia,Women,"4,278","2,453",57.3,"2,352",55,101,4.1
Georgia,White,"5,028","3,155",62.7,"3,066",61,89,2.8
Georgia,"White, men","2,464","1,740",70.6,"1,692",68.7,48,2.8
Georgia,"White, women","2,564","1,415",55.2,"1,375",53.6,41,2.9
Georgia,Black or African American,"2,562","1,627",63.5,"1,528",59.7,98,6
Georgia,"Black or African American, men","1,137",752,66.1,705,62,47,6.2
Georgia,"Black or African American, women","1,425",875,61.4,823,57.8,51,5.9
Georgia,Hispanic or Latino ethnicity,639,456,71.4,440,68.9,16,3.4
Georgia,"Hispanic or Latino ethnicity, men",334,276,82.5,269,80.7,6,2.2
Georgia,"Hispanic or Latino ethnicity, women",305,180,59.2,171,56.1,10,5.3
Georgia,"Total, 16 to 19 years",583,182,31.2,155,26.6,27,14.8
Georgia,"Total, 20 to 24 years",676,478,70.8,443,65.5,36,7.4
Georgia,"Total, 25 to 34 years","1,424","1,162",81.6,"1,114",78.3,47,4.1
Georgia,"Total, 35 to 44 years","1,335","1,107",82.9,"1,077",80.6,30,2.7
Georgia,"Total, 45 to 54 years","1,423","1,148",80.6,"1,118",78.6,29,2.6
Georgia,"Total, 55 to 64 years","1,254",783,62.4,763,60.8,20,2.6
Georgia,"Total, 65 years and over","1,423",266,18.7,258,18.1,8,3.1
Georgia,"Men, 16 to 19 years",292,96,32.9,79,27.1,17,17.7
Georgia,"Men, 20 to 24 years",307,232,75.4,212,69,20,8.5
Georgia,"Men, 25 to 34 years",687,610,88.8,593,86.2,18,2.9
Georgia,"Men, 35 to 44 years",652,584,89.5,568,87.1,16,2.7
Georgia,"Men, 45 to 54 years",661,566,85.6,553,83.6,14,2.4
Georgia,"Men, 55 to 64 years",606,437,72.1,429,70.7,8,1.9
Georgia,"Men, 65 years and over",634,147,23.1,142,22.4,5,3.2
Georgia,"Women, 16 to 19 years",291,86,29.5,76,26.1,10,11.6
Georgia,"Women, 20 to 24 years",369,247,66.9,231,62.6,16,6.4
Georgia,"Women, 25 to 34 years",736,551,74.9,522,70.9,30,5.4
Georgia,"Women, 35 to 44 years",683,523,76.6,509,74.5,14,2.7
Georgia,"Women, 45 to 54 years",762,581,76.3,566,74.2,16,2.7
Georgia,"Women, 55 to 64 years",648,346,53.4,334,51.6,12,3.4
Georgia,"Women, 65 years and over",789,119,15.1,115,14.6,4,3
Hawaii,Total,"1,095",680,62.1,663,60.5,18,2.6
Hawaii,Men,529,351,66.3,340,64.4,10,3
Hawaii,Women,567,330,58.2,322,56.9,7,2.2
Hawaii,White,265,163,61.6,159,60.2,4,2.3
Hawaii,"White, men",132,90,67.8,87,66.2,2,2.3
Hawaii,"White, women",133,74,55.5,72,54.3,2,2.2
Hawaii,Hispanic or Latino ethnicity,95,61,63.9,58,61.5,2,3.9
Hawaii,"Total, 20 to 24 years",78,56,71.2,54,68.8,2,3.4
Hawaii,"Total, 25 to 34 years",164,133,80.8,129,78.8,3,2.5
Hawaii,"Total, 35 to 44 years",181,149,82.4,145,80.4,4,2.5
Hawaii,"Total, 45 to 54 years",175,140,80.2,137,78.3,3,2.4
Hawaii,"Total, 55 to 64 years",178,126,70.6,124,69.7,2,1.2
Hawaii,"Total, 65 years and over",251,55,21.9,54,21.3,1,2.5
Hawaii,"Men, 25 to 34 years",80,71,88.8,69,86.6,2,2.5
Hawaii,"Men, 35 to 44 years",84,73,86.7,71,83.9,2,3.3
Hawaii,"Men, 45 to 54 years",89,75,85.2,73,82.6,2,3
Hawaii,"Men, 55 to 64 years",87,62,71.6,61,70.5,1,1.5
Hawaii,"Women, 25 to 34 years",84,62,73.2,60,71.4,2,2.4
Hawaii,"Women, 35 to 44 years",97,76,78.7,75,77.3,1,1.7
Hawaii,"Women, 45 to 54 years",86,65,75.2,64,73.8,1,1.8
Hawaii,"Women, 55 to 64 years",91,64,69.7,63,68.9,1,1
Idaho,Total,"1,335",857,64.2,831,62.3,26,3
Idaho,Men,662,473,71.4,459,69.4,13,2.8
Idaho,Women,673,384,57.1,372,55.2,13,3.3
Idaho,White,"1,259",808,64.2,784,62.3,24,3
Idaho,"White, men",625,444,71.1,432,69.1,12,2.7
Idaho,"White, women",634,364,57.4,352,55.5,12,3.3
Idaho,Hispanic or Latino ethnicity,174,124,71,118,67.6,6,4.7
Idaho,"Hispanic or Latino ethnicity, men",90,74,82.3,72,79.4,3,3.5
Idaho,"Hispanic or Latino ethnicity, women",84,49,58.7,46,55,3,6.4
Idaho,"Total, 16 to 19 years",94,41,43.1,36,38.1,5,11.5
Idaho,"Total, 20 to 24 years",112,88,79.2,85,76.4,3,3.5
Idaho,"Total, 25 to 34 years",231,189,81.9,185,80.3,4,2
Idaho,"Total, 35 to 44 years",214,181,84.5,175,82,5,3
Idaho,"Total, 45 to 54 years",198,163,82.5,159,80.3,4,2.6
Idaho,"Total, 55 to 64 years",222,151,67.9,147,66.4,4,2.3
Idaho,"Total, 65 years and over",265,44,16.6,43,16.1,1,3
Idaho,"Men, 20 to 24 years",56,46,82.5,44,79.3,2,4
Idaho,"Men, 25 to 34 years",118,108,91.4,105,89.5,2,2
Idaho,"Men, 35 to 44 years",111,105,94,102,91.6,3,2.5
Idaho,"Men, 45 to 54 years",98,86,88.1,85,86.4,2,1.9
Idaho,"Men, 55 to 64 years",109,83,75.6,81,74.1,2,2
Idaho,"Women, 20 to 24 years",56,42,75.9,41,73.5,1,3
Idaho,"Women, 25 to 34 years",113,82,72,80,70.6,2,1.9
Idaho,"Women, 35 to 44 years",103,76,74.3,73,71.6,3,3.6
Idaho,"Women, 45 to 54 years",100,77,77,74,74.4,3,3.4
Idaho,"Women, 55 to 64 years",113,68,60.6,66,58.9,2,2.6
Illinois,Total,"10,053","6,482",64.5,"6,207",61.7,275,4.2
Illinois,Men,"4,869","3,412",70.1,"3,257",66.9,155,4.6
Illinois,Women,"5,184","3,070",59.2,"2,950",56.9,120,3.9
Illinois,White,"7,796","5,090",65.3,"4,911",63,180,3.5
Illinois,"White, men","3,823","2,722",71.2,"2,623",68.6,100,3.7
Illinois,"White, women","3,973","2,368",59.6,"2,288",57.6,80,3.4
Illinois,Black or African American,"1,404",847,60.3,773,55.1,73,8.7
Illinois,"Black or African American, men",628,394,62.8,352,56.1,42,10.7
Illinois,"Black or African American, women",776,452,58.3,422,54.3,31,6.8
Illinois,Hispanic or Latino ethnicity,"1,576","1,082",68.7,"1,037",65.8,45,4.2
Illinois,"Hispanic or Latino ethnicity, men",788,601,76.3,577,73.2,24,4
Illinois,"Hispanic or Latino ethnicity, women",788,482,61.1,461,58.4,21,4.3
Illinois,"Total, 16 to 19 years",684,239,34.9,204,29.8,35,14.5
Illinois,"Total, 20 to 24 years",843,606,71.9,557,66,50,8.2
Illinois,"Total, 25 to 34 years","1,694","1,423",84,"1,364",80.5,58,4.1
Illinois,"Total, 35 to 44 years","1,618","1,337",82.6,"1,294",80,43,3.2
Illinois,"Total, 45 to 54 years","1,714","1,398",81.6,"1,359",79.3,39,2.8
Illinois,"Total, 55 to 64 years","1,617","1,111",68.7,"1,072",66.3,39,3.5
Illinois,"Total, 65 years and over","1,884",369,19.6,357,19,12,3.2
Illinois,"Men, 16 to 19 years",336,106,31.6,89,26.5,17,16
Illinois,"Men, 20 to 24 years",412,284,68.9,256,62.2,28,9.7
Illinois,"Men, 25 to 34 years",896,787,87.8,753,84.1,34,4.3
Illinois,"Men, 35 to 44 years",772,706,91.3,682,88.3,23,3.3
Illinois,"Men, 45 to 54 years",837,730,87.2,705,84.2,25,3.4
Illinois,"Men, 55 to 64 years",805,598,74.4,576,71.6,23,3.8
Illinois,"Men, 65 years and over",812,202,24.9,196,24.1,7,3.2
Illinois,"Women, 16 to 19 years",348,133,38.1,115,33,18,13.4
Illinois,"Women, 20 to 24 years",431,322,74.8,300,69.7,22,6.8
Illinois,"Women, 25 to 34 years",799,636,79.6,611,76.5,25,3.9
Illinois,"Women, 35 to 44 years",846,632,74.7,612,72.4,20,3.1
Illinois,"Women, 45 to 54 years",877,668,76.2,654,74.6,14,2.1
Illinois,"Women, 55 to 64 years",812,513,63.1,496,61.1,16,3.2
Illinois,"Women, 65 years and over","1,072",166,15.5,161,15,5,3.1
Indiana,Total,"5,215","3,412",65.4,"3,293",63.1,119,3.5
Indiana,Men,"2,534","1,837",72.5,"1,775",70.1,62,3.4
Indiana,Women,"2,681","1,575",58.8,"1,518",56.6,57,3.6
Indiana,White,"4,502","2,939",65.3,"2,848",63.3,92,3.1
Indiana,"White, men","2,204","1,601",72.6,"1,553",70.4,48,3
Indiana,"White, women","2,298","1,338",58.2,"1,295",56.4,43,3.2
Indiana,Black or African American,492,321,65.2,301,61.3,20,6.1
Indiana,"Black or African American, men",225,157,69.9,149,66.2,8,5.2
Indiana,"Black or African American, women",267,163,61.3,152,57.1,11,6.9
Indiana,Hispanic or Latino ethnicity,338,252,74.6,244,72.2,8,3.2
Indiana,"Hispanic or Latino ethnicity, men",185,160,86.3,155,83.7,5,3
Indiana,"Total, 16 to 19 years",362,156,43.2,138,38.2,18,11.4
Indiana,"Total, 20 to 24 years",450,363,80.7,338,75,26,7
Indiana,"Total, 25 to 34 years",856,716,83.7,697,81.4,19,2.7
Indiana,"Total, 35 to 44 years",829,715,86.2,694,83.7,21,3
Indiana,"Total, 45 to 54 years",804,658,81.8,641,79.6,17,2.6
Indiana,"Total, 55 to 64 years",912,615,67.4,603,66.1,12,2
Indiana,"Total, 65 years and over","1,001",188,18.8,183,18.3,6,3
Indiana,"Men, 20 to 24 years",223,188,84.1,176,79,11,6.1
Indiana,"Men, 25 to 34 years",421,387,92,377,89.6,10,2.6
Indiana,"Men, 35 to 44 years",413,387,93.7,377,91.3,10,2.6
Indiana,"Men, 45 to 54 years",384,343,89.5,336,87.6,8,2.2
Indiana,"Men, 55 to 64 years",453,335,74,329,72.5,7,2
Indiana,"Men, 65 years and over",451,116,25.8,113,25,4,3.2
Indiana,"Women, 20 to 24 years",227,176,77.4,162,71.1,14,8.1
Indiana,"Women, 25 to 34 years",435,329,75.7,320,73.5,9,2.8
Indiana,"Women, 35 to 44 years",417,329,78.8,317,76.1,11,3.4
Indiana,"Women, 45 to 54 years",421,315,74.7,305,72.4,10,3.1
Indiana,"Women, 55 to 64 years",459,279,60.9,274,59.8,5,1.9
Iowa,Total,"2,468","1,691",68.5,"1,649",66.8,43,2.5
Iowa,Men,"1,218",899,73.8,876,72,23,2.5
Iowa,Women,"1,251",792,63.4,772,61.8,20,2.5
Iowa,White,"2,266","1,551",68.5,"1,516",66.9,35,2.2
Iowa,"White, men","1,109",820,73.9,801,72.2,19,2.3
Iowa,"White, women","1,156",732,63.3,715,61.9,16,2.2
Iowa,Hispanic or Latino ethnicity,159,124,77.8,118,74,6,4.9
Iowa,"Total, 20 to 24 years",217,170,78.5,162,74.6,9,5
Iowa,"Total, 25 to 34 years",419,368,87.8,362,86.5,6,1.5
Iowa,"Total, 35 to 44 years",362,317,87.4,310,85.5,7,2.1
Iowa,"Total, 45 to 54 years",372,333,89.7,325,87.5,8,2.4
Iowa,"Total, 55 to 64 years",396,292,73.7,285,72.1,6,2.2
Iowa,"Total, 65 years and over",536,121,22.7,120,22.3,2,1.5
Iowa,"Men, 25 to 34 years",211,197,93.2,194,91.9,3,1.4
Iowa,"Men, 35 to 44 years",183,172,94.1,169,92.7,3,1.5
Iowa,"Men, 45 to 54 years",184,172,93.4,168,91.1,4,2.4
Iowa,"Men, 55 to 64 years",198,159,80.1,155,78.2,4,2.3
Iowa,"Women, 25 to 34 years",208,171,82.4,168,81,3,1.7
Iowa,"Women, 35 to 44 years",180,145,80.5,141,78.2,4,2.9
Iowa,"Women, 45 to 54 years",187,161,86.1,157,84,4,2.4
Iowa,"Women, 55 to 64 years",198,133,67.2,130,65.9,3,2
Kansas,Total,"2,227","1,485",66.7,"1,434",64.4,51,3.4
Kansas,Men,"1,091",796,73,770,70.6,26,3.3
Kansas,Women,"1,136",689,60.6,664,58.5,25,3.6
Kansas,White,"1,933","1,290",66.7,"1,252",64.8,38,2.9
Kansas,"White, men",946,693,73.3,673,71.2,20,2.8
Kansas,"White, women",987,597,60.5,579,58.6,18,3.1
Kansas,Black or African American,130,78,60,71,54.5,7,9.1
Kansas,Hispanic or Latino ethnicity,235,174,73.9,167,71,7,3.9
Kansas,"Hispanic or Latino ethnicity, men",124,102,82.1,99,79.7,3,2.9
Kansas,"Hispanic or Latino ethnicity, women",111,72,64.8,68,61.2,4,5.4
Kansas,"Total, 16 to 19 years",148,70,47.7,65,44,5,7.7
Kansas,"Total, 20 to 24 years",196,153,78,144,73.4,9,5.9
Kansas,"Total, 25 to 34 years",373,322,86.3,311,83.3,11,3.4
Kansas,"Total, 35 to 44 years",362,301,83.3,290,80.2,11,3.7
Kansas,"Total, 45 to 54 years",327,275,84.1,270,82.7,5,1.7
Kansas,"Total, 55 to 64 years",364,254,69.8,248,68,7,2.6
Kansas,"Total, 65 years and over",458,110,24,107,23.3,3,2.7
Kansas,"Men, 20 to 24 years",94,75,80.1,70,75.3,5,6
Kansas,"Men, 25 to 34 years",186,176,94.3,170,91.4,6,3.1
Kansas,"Men, 35 to 44 years",184,163,88.6,157,85,7,4
Kansas,"Men, 45 to 54 years",164,148,90.1,146,88.7,2,1.5
Kansas,"Men, 55 to 64 years",174,135,77.5,131,75.2,4,3
Kansas,"Women, 20 to 24 years",103,78,76.2,74,71.7,5,5.8
Kansas,"Women, 25 to 34 years",186,146,78.3,140,75.3,6,3.8
Kansas,"Women, 35 to 44 years",177,138,77.7,133,75.1,5,3.3
Kansas,"Women, 45 to 54 years",162,127,78.1,124,76.5,3,2
Kansas,"Women, 55 to 64 years",190,120,62.8,117,61.4,3,2.1
Kentucky,Total,"3,493","2,067",59.2,"1,977",56.6,90,4.4
Kentucky,Men,"1,688","1,092",64.7,"1,044",61.8,49,4.4
Kentucky,Women,"1,805",974,54,933,51.7,42,4.3
Kentucky,White,"3,147","1,834",58.3,"1,759",55.9,75,4.1
Kentucky,"White, men","1,524",979,64.3,939,61.6,41,4.1
Kentucky,"White, women","1,623",855,52.6,821,50.6,34,4
Kentucky,Black or African American,263,176,66.9,164,62.5,11,6.5
Kentucky,"Black or African American, men",124,84,67.9,78,63.1,6,7.1
Kentucky,"Black or African American, women",139,92,65.9,86,62,6,6
Kentucky,Hispanic or Latino ethnicity,122,88,71.9,83,68,5,5.5
Kentucky,"Total, 16 to 19 years",235,100,42.4,87,37,13,12.7
Kentucky,"Total, 20 to 24 years",289,218,75.7,197,68.4,21,9.6
Kentucky,"Total, 25 to 34 years",555,463,83.5,444,80,20,4.2
Kentucky,"Total, 35 to 44 years",544,433,79.5,418,76.9,14,3.3
Kentucky,"Total, 45 to 54 years",549,412,75.1,402,73.2,11,2.5
Kentucky,"Total, 55 to 64 years",580,331,57.2,322,55.6,9,2.7
Kentucky,"Total, 65 years and over",742,110,14.8,106,14.3,4,3.3
Kentucky,"Men, 20 to 24 years",139,111,79.6,100,71.5,11,10.1
Kentucky,"Men, 25 to 34 years",281,255,90.7,245,87.4,9,3.6
Kentucky,"Men, 35 to 44 years",265,224,84.3,215,81.1,8,3.8
Kentucky,"Men, 45 to 54 years",275,216,78.4,209,75.9,7,3.1
Kentucky,"Men, 55 to 64 years",278,176,63.2,172,61.7,4,2.5
Kentucky,"Men, 65 years and over",329,65,19.6,62,18.8,3,4.1
Kentucky,"Women, 20 to 24 years",149,108,72.1,98,65.5,10,9.1
Kentucky,"Women, 25 to 34 years",274,209,76.2,198,72.4,10,5
Kentucky,"Women, 35 to 44 years",278,209,75,203,72.9,6,2.8
Kentucky,"Women, 45 to 54 years",274,197,71.8,193,70.4,4,1.9
Kentucky,"Women, 55 to 64 years",302,155,51.5,151,50,5,2.9
Louisiana,Total,"3,598","2,113",58.7,"2,009",55.8,104,4.9
Louisiana,Men,"1,707","1,100",64.4,"1,049",61.5,50,4.6
Louisiana,Women,"1,891","1,013",53.6,960,50.7,54,5.3
Louisiana,White,"2,319","1,379",59.5,"1,331",57.4,48,3.5
Louisiana,"White, men","1,131",753,66.6,729,64.5,24,3.1
Louisiana,"White, women","1,188",626,52.7,602,50.7,25,3.9
Louisiana,Black or African American,"1,118",638,57,589,52.6,49,7.7
Louisiana,"Black or African American, men",498,294,58.9,271,54.3,23,7.9
Louisiana,"Black or African American, women",620,344,55.5,318,51.3,26,7.5
Louisiana,Hispanic or Latino ethnicity,214,143,66.8,136,63.6,7,4.8
Louisiana,"Hispanic or Latino ethnicity, men",112,90,80.6,86,77.4,4,3.9
Louisiana,"Hispanic or Latino ethnicity, women",102,53,51.7,50,48.5,3,6.2
Louisiana,"Total, 16 to 19 years",248,71,28.6,59,23.7,12,17.1
Louisiana,"Total, 20 to 24 years",277,195,70.2,175,63.1,20,10.3
Louisiana,"Total, 25 to 34 years",641,506,79,482,75.2,24,4.8
Louisiana,"Total, 35 to 44 years",582,476,81.7,456,78.4,19,4.1
Louisiana,"Total, 45 to 54 years",554,420,75.8,407,73.5,13,3
Louisiana,"Total, 55 to 64 years",582,322,55.2,309,53.1,12,3.8
Louisiana,"Total, 65 years and over",713,123,17.3,120,16.8,3,2.4
Louisiana,"Men, 20 to 24 years",128,98,76.4,87,67.8,11,11.3
Louisiana,"Men, 25 to 34 years",302,264,87.5,253,83.6,12,4.3
Louisiana,"Men, 35 to 44 years",288,256,88.9,246,85.4,10,4
Louisiana,"Men, 45 to 54 years",271,218,80.4,212,78.3,6,2.6
Louisiana,"Men, 55 to 64 years",282,168,59.8,163,57.8,5,3.2
Louisiana,"Men, 65 years and over",305,60,19.6,59,19.4,1,1.2
Louisiana,"Women, 20 to 24 years",150,97,65,88,59,9,9.2
Louisiana,"Women, 25 to 34 years",339,242,71.5,230,67.8,13,5.2
Louisiana,"Women, 35 to 44 years",294,220,74.7,211,71.5,9,4.2
Louisiana,"Women, 45 to 54 years",284,202,71.4,195,68.9,7,3.5
Louisiana,"Women, 55 to 64 years",301,153,51,146,48.7,7,4.5
Louisiana,"Women, 65 years and over",408,63,15.5,61,14.9,2,3.7
Maine,Total,"1,107",698,63.1,674,60.9,25,3.5
Maine,Men,537,361,67.2,347,64.6,14,3.8
Maine,Women,571,338,59.2,327,57.3,11,3.2
Maine,White,"1,048",661,63.1,640,61.1,21,3.2
Maine,"White, men",506,341,67.5,329,65,12,3.6
Maine,"White, women",542,320,59.1,311,57.4,9,2.8
Maine,"Total, 20 to 24 years",78,59,76.3,55,70.6,4,7.4
Maine,"Total, 25 to 34 years",162,137,84.3,133,82.1,4,2.6
Maine,"Total, 35 to 44 years",144,123,85.6,120,83.7,3,2.3
Maine,"Total, 45 to 54 years",180,150,83.7,147,82,3,1.9
Maine,"Total, 55 to 64 years",214,149,69.9,146,68.5,3,2
Maine,"Total, 65 years and over",266,47,17.8,46,17.1,2,3.8
Maine,"Men, 25 to 34 years",80,72,89.7,70,87,2,3
Maine,"Men, 35 to 44 years",70,64,91.4,62,89,2,2.6
Maine,"Men, 45 to 54 years",90,77,85.4,75,83.7,2,2
Maine,"Men, 55 to 64 years",102,75,73.3,73,71,2,3.1
Maine,"Women, 25 to 34 years",82,65,79,64,77.3,2,2.2
Maine,"Women, 35 to 44 years",74,59,80.1,58,78.7,1,1.9
Maine,"Women, 45 to 54 years",90,74,82,73,80.4,1,1.9
Maine,"Women, 55 to 64 years",111,75,66.9,74,66.2,1,0.9
Maryland,Total,"4,790","3,207",66.9,"3,074",64.2,133,4.2
Maryland,Men,"2,265","1,660",73.3,"1,591",70.2,69,4.2
Maryland,Women,"2,525","1,547",61.3,"1,482",58.7,64,4.2
Maryland,White,"2,883","1,940",67.3,"1,880",65.2,60,3.1
Maryland,"White, men","1,404","1,043",74.3,"1,012",72.1,31,3
Maryland,"White, women","1,480",897,60.6,868,58.6,29,3.2
Maryland,Black or African American,"1,455",972,66.8,913,62.8,59,6
Maryland,"Black or African American, men",651,457,70.2,430,66,27,5.9
Maryland,"Black or African American, women",804,515,64,483,60.1,32,6.2
Maryland,Hispanic or Latino ethnicity,461,354,76.8,335,72.8,19,5.2
Maryland,"Hispanic or Latino ethnicity, men",242,213,88,204,84.2,9,4.4
Maryland,"Hispanic or Latino ethnicity, women",219,141,64.4,132,60.2,9,6.6
Maryland,"Total, 20 to 24 years",396,272,68.8,251,63.4,22,7.9
Maryland,"Total, 25 to 34 years",842,721,85.6,695,82.6,26,3.5
Maryland,"Total, 35 to 44 years",712,625,87.8,601,84.5,24,3.8
Maryland,"Total, 45 to 54 years",812,680,83.8,661,81.4,19,2.8
Maryland,"Total, 55 to 64 years",810,583,72,567,70,16,2.7
Maryland,"Total, 65 years and over",920,223,24.2,212,23,11,4.9
Maryland,"Men, 20 to 24 years",193,134,69.3,123,63.7,11,8.1
Maryland,"Men, 25 to 34 years",411,370,89.8,357,86.8,13,3.4
Maryland,"Men, 35 to 44 years",345,324,93.9,315,91.3,9,2.8
Maryland,"Men, 45 to 54 years",373,341,91.5,331,88.7,11,3.2
Maryland,"Men, 55 to 64 years",395,315,79.9,304,77,11,3.6
Maryland,"Men, 65 years and over",400,121,30.3,115,28.8,6,4.9
Maryland,"Women, 20 to 24 years",203,139,68.4,128,63.1,11,7.8
Maryland,"Women, 25 to 34 years",431,351,81.5,338,78.5,13,3.7
Maryland,"Women, 35 to 44 years",366,300,82,286,78,15,4.8
Maryland,"Women, 45 to 54 years",439,339,77.1,330,75.2,8,2.5
Maryland,"Women, 55 to 64 years",416,268,64.5,263,63.4,5,1.7
Massachusetts,Total,"5,624","3,819",67.9,"3,689",65.6,130,3.4
Massachusetts,Men,"2,699","1,955",72.4,"1,879",69.6,76,3.9
Massachusetts,Women,"2,925","1,864",63.7,"1,810",61.9,54,2.9
Massachusetts,White,"4,584","3,109",67.8,"3,010",65.7,99,3.2
Massachusetts,"White, men","2,185","1,595",73,"1,534",70.2,62,3.9
Massachusetts,"White, women","2,399","1,514",63.1,"1,476",61.5,38,2.5
Massachusetts,Black or African American,469,315,67.2,299,63.8,16,5
Massachusetts,"Black or African American, men",222,150,67.7,142,63.8,9,5.7
Massachusetts,"Black or African American, women",247,165,66.8,158,63.9,7,4.4
Massachusetts,Hispanic or Latino ethnicity,571,398,69.8,377,66,22,5.4
Massachusetts,"Hispanic or Latino ethnicity, men",279,206,73.9,194,69.3,13,6.2
Massachusetts,"Hispanic or Latino ethnicity, women",292,192,65.8,183,62.8,9,4.6
Massachusetts,"Total, 16 to 19 years",313,110,35.1,96,30.6,14,12.7
Massachusetts,"Total, 20 to 24 years",473,336,71,324,68.4,12,3.7
Massachusetts,"Total, 25 to 34 years","1,052",903,85.9,874,83.1,29,3.2
Massachusetts,"Total, 35 to 44 years",831,713,85.7,694,83.5,18,2.6
Massachusetts,"Total, 45 to 54 years",947,797,84.2,774,81.7,23,2.9
Massachusetts,"Total, 55 to 64 years",976,711,72.9,688,70.6,23,3.2
Massachusetts,"Total, 65 years and over","1,032",250,24.2,239,23.2,11,4.2
Massachusetts,"Men, 20 to 24 years",239,169,70.9,162,67.6,8,4.6
Massachusetts,"Men, 25 to 34 years",522,470,89.9,452,86.5,18,3.8
Massachusetts,"Men, 35 to 44 years",403,369,91.6,359,89.1,10,2.8
Massachusetts,"Men, 45 to 54 years",458,406,88.6,394,86,12,3
Massachusetts,"Men, 55 to 64 years",472,358,75.8,343,72.6,15,4.2
Massachusetts,"Men, 65 years and over",447,131,29.3,125,27.9,6,4.9
Massachusetts,"Women, 20 to 24 years",234,167,71.1,162,69.2,5,2.7
Massachusetts,"Women, 25 to 34 years",530,434,81.9,422,79.7,12,2.7
Massachusetts,"Women, 35 to 44 years",429,344,80.2,336,78.3,8,2.4
Massachusetts,"Women, 45 to 54 years",489,391,80,379,77.7,11,2.9
Massachusetts,"Women, 55 to 64 years",504,353,70.1,346,68.6,8,2.2
Massachusetts,"Women, 65 years and over",585,119,20.3,115,19.6,4,3.4
Michigan,Total,"7,981","4,903",61.4,"4,699",58.9,203,4.1
Michigan,Men,"3,875","2,597",67,"2,480",64,117,4.5
Michigan,Women,"4,106","2,306",56.2,"2,219",54.1,87,3.8
Michigan,White,"6,435","3,983",61.9,"3,832",59.6,151,3.8
Michigan,"White, men","3,153","2,140",67.9,"2,053",65.1,87,4.1
Michigan,"White, women","3,281","1,843",56.2,"1,779",54.2,64,3.5
Michigan,Black or African American,"1,062",609,57.4,571,53.7,39,6.4
Michigan,"Black or African American, men",479,287,59.9,266,55.5,21,7.5
Michigan,"Black or African American, women",583,322,55.3,305,52.3,17,5.4
Michigan,Hispanic or Latino ethnicity,320,196,61.1,186,58.1,10,4.9
Michigan,"Hispanic or Latino ethnicity, men",179,131,73.2,124,69.5,7,5
Michigan,"Total, 16 to 19 years",557,219,39.4,194,34.8,26,11.7
Michigan,"Total, 20 to 24 years",635,481,75.8,443,69.7,38,8
Michigan,"Total, 25 to 34 years","1,297","1,071",82.6,"1,026",79.1,45,4.2
Michigan,"Total, 35 to 44 years","1,139",927,81.4,900,79,27,2.9
Michigan,"Total, 45 to 54 years","1,379","1,127",81.7,"1,096",79.5,31,2.8
Michigan,"Total, 55 to 64 years","1,331",801,60.2,776,58.3,25,3.2
Michigan,"Total, 65 years and over","1,643",276,16.8,265,16.1,11,4.1
Michigan,"Men, 16 to 19 years",286,108,37.8,90,31.5,18,16.6
Michigan,"Men, 20 to 24 years",337,259,76.7,233,69.2,25,9.7
Michigan,"Men, 25 to 34 years",625,552,88.3,529,84.6,23,4.2
Michigan,"Men, 35 to 44 years",566,502,88.8,488,86.4,14,2.7
Michigan,"Men, 45 to 54 years",676,595,88,578,85.4,18,3
Michigan,"Men, 55 to 64 years",647,430,66.4,415,64.2,15,3.4
Michigan,"Men, 65 years and over",738,150,20.4,146,19.8,4,2.8
Michigan,"Women, 16 to 19 years",271,111,41,103,38.2,8,6.9
Michigan,"Women, 20 to 24 years",298,222,74.7,209,70.3,13,5.9
Michigan,"Women, 25 to 34 years",672,519,77.2,497,74,22,4.2
Michigan,"Women, 35 to 44 years",574,425,74.1,412,71.8,13,3.1
Michigan,"Women, 45 to 54 years",703,532,75.7,519,73.8,13,2.5
Michigan,"Women, 55 to 64 years",684,371,54.3,360,52.7,11,2.9
Michigan,"Women, 65 years and over",905,126,13.9,119,13.1,7,5.6
Minnesota,Total,"4,410","3,073",69.7,"2,986",67.7,88,2.8
Minnesota,Men,"2,179","1,594",73.2,"1,540",70.7,55,3.4
Minnesota,Women,"2,232","1,479",66.3,"1,446",64.8,33,2.2
Minnesota,White,"3,796","2,663",70.2,"2,596",68.4,68,2.5
Minnesota,"White, men","1,880","1,386",73.7,"1,343",71.4,43,3.1
Minnesota,"White, women","1,916","1,277",66.7,"1,253",65.4,25,1.9
Minnesota,Black or African American,256,182,70.9,171,66.8,11,5.8
Minnesota,Hispanic or Latino ethnicity,201,145,72,138,68.9,6,4.2
Minnesota,"Total, 16 to 19 years",300,152,50.7,144,48,8,5.4
Minnesota,"Total, 20 to 24 years",323,238,73.7,227,70.3,11,4.7
Minnesota,"Total, 25 to 34 years",780,684,87.7,660,84.6,24,3.5
Minnesota,"Total, 35 to 44 years",700,616,88,599,85.5,17,2.8
Minnesota,"Total, 45 to 54 years",696,610,87.6,601,86.2,9,1.5
Minnesota,"Total, 55 to 64 years",768,570,74.3,557,72.6,13,2.3
Minnesota,"Total, 65 years and over",843,203,24.1,199,23.5,4,2.1
Minnesota,"Men, 20 to 24 years",161,118,73.3,112,70,5,4.5
Minnesota,"Men, 25 to 34 years",398,369,92.5,352,88.3,17,4.6
Minnesota,"Men, 35 to 44 years",341,317,93.1,306,89.7,12,3.6
Minnesota,"Men, 45 to 54 years",340,315,92.6,310,91.1,5,1.7
Minnesota,"Men, 55 to 64 years",373,283,75.9,275,73.7,8,2.9
Minnesota,"Women, 20 to 24 years",163,121,74.2,115,70.5,6,5
Minnesota,"Women, 25 to 34 years",382,315,82.5,308,80.8,7,2.2
Minnesota,"Women, 35 to 44 years",359,299,83.2,293,81.5,6,2
Minnesota,"Women, 45 to 54 years",357,295,82.7,291,81.7,4,1.3
Minnesota,"Women, 55 to 64 years",394,287,72.8,282,71.4,5,1.8
Mississippi,Total,"2,294","1,277",55.7,"1,215",53,62,4.8
Mississippi,Men,"1,078",658,61,627,58.1,31,4.7
Mississippi,Women,"1,215",620,51,589,48.4,31,5
Mississippi,White,"1,400",782,55.8,756,54,26,3.3
Mississippi,"White, men",682,431,63.2,418,61.2,13,3.1
Mississippi,"White, women",719,351,48.8,339,47.1,12,3.4
Mississippi,Black or African American,835,467,55.9,432,51.8,35,7.5
Mississippi,"Black or African American, men",372,213,57.3,196,52.6,17,8.1
Mississippi,"Black or African American, women",463,254,54.8,236,51,18,6.9
Mississippi,Hispanic or Latino ethnicity,55,36,65.5,34,61.2,2,6.4
Mississippi,"Total, 16 to 19 years",178,45,25.4,36,20.3,9,20.1
Mississippi,"Total, 20 to 24 years",176,113,64.2,99,56.3,14,12.4
Mississippi,"Total, 25 to 34 years",371,299,80.6,281,75.8,18,5.9
Mississippi,"Total, 35 to 44 years",366,289,79.1,282,76.9,8,2.7
Mississippi,"Total, 45 to 54 years",349,261,74.6,256,73.4,4,1.7
Mississippi,"Total, 55 to 64 years",393,205,52.1,198,50.3,7,3.3
Mississippi,"Total, 65 years and over",460,65,14.2,63,13.7,2,3.5
Mississippi,"Men, 20 to 24 years",88,61,69.5,53,60.1,8,13.6
Mississippi,"Men, 25 to 34 years",166,145,87.8,138,83.1,8,5.4
Mississippi,"Men, 35 to 44 years",176,149,84.7,145,82.5,4,2.5
Mississippi,"Men, 45 to 54 years",165,135,81.7,133,80.4,2,1.7
Mississippi,"Men, 55 to 64 years",179,108,60.3,105,58.6,3,3
Mississippi,"Men, 65 years and over",209,37,17.5,35,16.9,1,3.3
Mississippi,"Women, 20 to 24 years",88,52,58.8,46,52.5,6,10.8
Mississippi,"Women, 25 to 34 years",205,154,74.8,144,70,10,6.4
Mississippi,"Women, 35 to 44 years",190,141,73.9,137,71.8,4,2.8
Mississippi,"Women, 45 to 54 years",184,125,68.2,123,67.1,2,1.7
Mississippi,"Women, 55 to 64 years",214,97,45.1,93,43.5,4,3.7
Missouri,Total,"4,806","3,066",63.8,"2,966",61.7,99,3.2
Missouri,Men,"2,318","1,574",67.9,"1,512",65.2,62,4
Missouri,Women,"2,488","1,491",60,"1,455",58.5,37,2.5
Missouri,White,"4,055","2,596",64,"2,523",62.2,73,2.8
Missouri,"White, men","1,971","1,348",68.4,"1,305",66.2,43,3.2
Missouri,"White, women","2,083","1,248",59.9,"1,218",58.5,30,2.4
Missouri,Black or African American,527,342,64.9,322,61.1,20,5.9
Missouri,"Black or African American, men",237,158,66.7,144,60.5,15,9.3
Missouri,"Black or African American, women",290,184,63.5,179,61.6,5,2.9
Missouri,Hispanic or Latino ethnicity,190,139,73,131,68.9,8,5.6
Missouri,"Total, 16 to 19 years",312,117,37.6,107,34.2,11,9.2
Missouri,"Total, 20 to 24 years",347,268,77.2,251,72.4,17,6.2
Missouri,"Total, 25 to 34 years",796,680,85.5,657,82.6,23,3.4
Missouri,"Total, 35 to 44 years",788,671,85.1,650,82.4,21,3.1
Missouri,"Total, 45 to 54 years",684,562,82.3,551,80.6,11,2
Missouri,"Total, 55 to 64 years",833,541,64.9,528,63.4,13,2.3
Missouri,"Total, 65 years and over","1,047",226,21.6,223,21.3,4,1.7
Missouri,"Men, 20 to 24 years",166,118,71.3,109,65.8,9,7.7
Missouri,"Men, 25 to 34 years",395,359,90.9,345,87.3,14,4
Missouri,"Men, 35 to 44 years",384,356,92.6,341,88.7,15,4.2
Missouri,"Men, 45 to 54 years",322,280,87.1,274,85.1,6,2.3
Missouri,"Men, 55 to 64 years",397,278,70,268,67.6,10,3.5
Missouri,"Men, 65 years and over",488,126,25.9,125,25.7,1,0.6
Missouri,"Women, 20 to 24 years",181,150,82.7,142,78.5,8,5
Missouri,"Women, 25 to 34 years",401,322,80.2,313,77.9,9,2.8
Missouri,"Women, 35 to 44 years",404,315,77.9,309,76.4,6,2
Missouri,"Women, 45 to 54 years",362,282,78,277,76.7,5,1.7
Missouri,"Women, 55 to 64 years",436,263,60.3,260,59.6,3,1.1
Missouri,"Women, 65 years and over",559,100,17.9,97,17.4,3,3.1
Montana,Total,842,525,62.3,506,60,19,3.7
Montana,Men,420,280,66.7,268,63.8,12,4.4
Montana,Women,423,245,58,238,56.3,7,2.9
Montana,White,787,493,62.7,476,60.5,17,3.5
Montana,"White, men",394,264,67.1,254,64.4,11,4
Montana,"White, women",393,229,58.2,222,56.5,7,2.9
Montana,Hispanic or Latino ethnicity,24,19,80.2,18,76.3,1,4.9
Montana,"Total, 16 to 19 years",48,21,43.8,19,39.8,2,9.4
Montana,"Total, 20 to 24 years",66,51,77.6,48,73.3,3,5.5
Montana,"Total, 25 to 34 years",138,119,86.3,114,82.5,5,4.5
Montana,"Total, 35 to 44 years",127,105,82.5,102,80.4,3,2.6
Montana,"Total, 45 to 54 years",109,88,80.5,85,77.8,3,3.3
Montana,"Total, 55 to 64 years",153,101,65.9,99,64.3,3,2.5
Montana,"Total, 65 years and over",203,41,20.2,40,19.6,1,3.4
Montana,"Men, 20 to 24 years",33,26,79.8,24,75.1,2,5.9
Montana,"Men, 25 to 34 years",70,64,92.2,61,87.3,4,5.4
Montana,"Men, 35 to 44 years",66,59,89.8,58,87.3,2,2.9
Montana,"Men, 45 to 54 years",55,46,83.6,44,80.4,2,3.9
Montana,"Men, 55 to 64 years",75,52,69.2,51,67.1,2,3
Montana,"Men, 65 years and over",96,22,23,21,22.2,1,3.1
Montana,"Women, 20 to 24 years",33,25,75.5,24,71.6,1,5.1
Montana,"Women, 25 to 34 years",68,54,80.3,53,77.7,2,3.2
Montana,"Women, 35 to 44 years",61,46,74.5,45,73,1,2.2
Montana,"Women, 45 to 54 years",54,42,77.2,40,75.2,1,2.6
Montana,"Women, 55 to 64 years",78,49,62.7,48,61.5,1,1.9
Montana,"Women, 65 years and over",106,19,17.8,18,17.1,1,3.6
Nebraska,Total,"1,478","1,032",69.8,"1,003",67.9,29,2.8
Nebraska,Men,728,547,75.1,531,72.9,17,3
Nebraska,Women,749,485,64.7,472,63,13,2.6
Nebraska,White,"1,336",941,70.4,918,68.7,23,2.4
Nebraska,"White, men",662,500,75.5,487,73.5,13,2.6
Nebraska,"White, women",674,442,65.5,432,64.1,10,2.2
Nebraska,Hispanic or Latino ethnicity,168,126,74.8,119,70.5,7,5.7
Nebraska,"Hispanic or Latino ethnicity, men",90,75,83.3,71,78.8,4,5.4
Nebraska,"Total, 20 to 24 years",142,113,79.5,108,75.8,5,4.6
Nebraska,"Total, 25 to 34 years",255,226,88.7,219,85.7,8,3.4
Nebraska,"Total, 35 to 44 years",230,201,87.6,197,85.7,5,2.3
Nebraska,"Total, 45 to 54 years",217,190,87.5,187,86.2,3,1.5
Nebraska,"Total, 55 to 64 years",237,177,74.4,174,73.2,3,1.6
Nebraska,"Total, 65 years and over",301,77,25.6,75,25.1,2,2.1
Nebraska,"Men, 20 to 24 years",72,58,81.3,55,77.2,3,5
Nebraska,"Men, 25 to 34 years",131,123,94.1,118,90.4,5,3.9
Nebraska,"Men, 35 to 44 years",119,110,92.2,107,89.8,3,2.7
Nebraska,"Men, 45 to 54 years",114,102,89.8,100,88.4,2,1.6
Nebraska,"Men, 55 to 64 years",119,92,76.6,90,75.4,2,1.7
Nebraska,"Women, 25 to 34 years",124,103,83.1,101,80.8,3,2.8
Nebraska,"Women, 35 to 44 years",111,91,82.7,90,81.3,2,1.7
Nebraska,"Women, 45 to 54 years",103,88,84.9,86,83.8,1,1.3
Nebraska,"Women, 55 to 64 years",118,85,72.2,84,71,1,1.6
Nevada,Total,"2,402","1,523",63.4,"1,454",60.5,69,4.5
Nevada,Men,"1,187",826,69.6,790,66.6,36,4.3
Nevada,Women,"1,215",697,57.4,664,54.7,33,4.7
Nevada,White,"1,763","1,087",61.6,"1,040",59,47,4.3
Nevada,"White, men",888,603,67.9,576,64.8,28,4.6
Nevada,"White, women",874,483,55.3,464,53.1,19,4
Nevada,Black or African American,223,145,65.2,136,61,10,6.6
Nevada,"Black or African American, men",105,74,71.1,71,67.7,4,4.8
Nevada,"Black or African American, women",118,71,60.1,65,55.1,6,8.4
Nevada,Hispanic or Latino ethnicity,641,458,71.4,434,67.7,24,5.1
Nevada,"Hispanic or Latino ethnicity, men",322,263,81.5,250,77.6,13,4.8
Nevada,"Hispanic or Latino ethnicity, women",319,195,61.2,184,57.8,11,5.6
Nevada,"Total, 16 to 19 years",149,50,33.6,41,27.7,9,17.5
Nevada,"Total, 20 to 24 years",189,146,77.4,138,73,8,5.5
Nevada,"Total, 25 to 34 years",419,352,84,333,79.7,18,5.1
Nevada,"Total, 35 to 44 years",401,333,83.2,323,80.6,10,3.1
Nevada,"Total, 45 to 54 years",390,312,79.8,300,76.9,11,3.7
Nevada,"Total, 55 to 64 years",380,232,60.9,223,58.7,8,3.6
Nevada,"Total, 65 years and over",474,99,20.8,95,20,4,4
Nevada,"Men, 20 to 24 years",92,72,78.5,68,73.7,4,6.2
Nevada,"Men, 25 to 34 years",211,190,89.9,179,84.5,11,6
Nevada,"Men, 35 to 44 years",208,187,89.7,182,87.6,5,2.4
Nevada,"Men, 45 to 54 years",200,174,87,168,84.4,5,3
Nevada,"Men, 55 to 64 years",189,128,67.9,124,65.7,4,3.3
Nevada,"Men, 65 years and over",219,52,23.7,51,23.1,1,2.4
Nevada,"Women, 20 to 24 years",97,74,76.2,70,72.4,4,4.9
Nevada,"Women, 25 to 34 years",207,162,78,155,74.7,7,4.2
Nevada,"Women, 35 to 44 years",193,147,76.1,141,73.1,6,4
Nevada,"Women, 45 to 54 years",191,138,72.3,132,69.1,6,4.4
Nevada,"Women, 55 to 64 years",192,103,54,99,51.9,4,3.9
Nevada,"Women, 65 years and over",255,47,18.2,44,17.3,3,5.5
New Hampshire,Total,"1,109",762,68.7,742,66.9,20,2.6
New Hampshire,Men,545,404,74.1,393,72.1,11,2.6
New Hampshire,Women,564,358,63.5,349,61.9,9,2.6
New Hampshire,White,"1,041",715,68.7,697,66.9,18,2.5
New Hampshire,"White, men",515,382,74.1,372,72.2,10,2.5
New Hampshire,"White, women",526,333,63.3,324,61.7,9,2.5
New Hampshire,"Total, 16 to 19 years",68,35,51.7,32,47.2,3,8.8
New Hampshire,"Total, 20 to 24 years",84,63,74.7,60,70.7,3,5.3
New Hampshire,"Total, 25 to 34 years",159,142,89,139,87.1,3,2.1
New Hampshire,"Total, 35 to 44 years",163,144,88.3,140,86,4,2.7
New Hampshire,"Total, 45 to 54 years",186,160,86.1,157,84.7,3,1.7
New Hampshire,"Total, 55 to 64 years",214,162,75.8,159,74.4,3,1.8
New Hampshire,"Total, 65 years and over",236,57,24.2,56,23.8,1,1.8
New Hampshire,"Men, 25 to 34 years",83,78,93.2,76,91.1,2,2.3
New Hampshire,"Men, 35 to 44 years",82,79,96.9,77,94.6,2,2.4
New Hampshire,"Men, 45 to 54 years",90,81,89.8,80,88.2,2,1.9
New Hampshire,"Men, 55 to 64 years",109,85,78.5,84,77.1,2,1.8
New Hampshire,"Women, 25 to 34 years",76,64,84.3,63,82.8,1,1.8
New Hampshire,"Women, 35 to 44 years",81,65,79.7,63,77.3,2,3
New Hampshire,"Women, 45 to 54 years",96,79,82.6,78,81.4,1,1.5
New Hampshire,"Women, 55 to 64 years",105,77,73,75,71.7,1,1.8
New Jersey,Total,"7,194","4,487",62.4,"4,298",59.8,189,4.2
New Jersey,Men,"3,459","2,359",68.2,"2,265",65.5,94,4
New Jersey,Women,"3,735","2,129",57,"2,034",54.5,95,4.5
New Jersey,White,"5,377","3,303",61.4,"3,176",59.1,126,3.8
New Jersey,"White, men","2,622","1,766",67.3,"1,703",64.9,63,3.6
New Jersey,"White, women","2,755","1,537",55.8,"1,474",53.5,63,4.1
New Jersey,Black or African American,"1,031",655,63.5,612,59.4,43,6.6
New Jersey,"Black or African American, men",470,308,65.6,286,60.8,23,7.3
New Jersey,"Black or African American, women",561,347,61.8,326,58.1,21,6
New Jersey,Hispanic or Latino ethnicity,"1,204",789,65.5,753,62.6,36,4.5
New Jersey,"Hispanic or Latino ethnicity, men",578,427,73.9,412,71.2,16,3.7
New Jersey,"Hispanic or Latino ethnicity, women",626,362,57.8,342,54.6,20,5.6
New Jersey,"Total, 16 to 19 years",474,129,27.2,114,24,15,11.9
New Jersey,"Total, 20 to 24 years",633,405,63.9,381,60.1,24,5.9
New Jersey,"Total, 25 to 34 years","1,121",941,83.9,894,79.8,46,4.9
New Jersey,"Total, 35 to 44 years","1,087",919,84.5,898,82.5,21,2.3
New Jersey,"Total, 45 to 54 years","1,188",975,82.1,944,79.5,31,3.2
New Jersey,"Total, 55 to 64 years","1,191",810,68,776,65.2,34,4.1
New Jersey,"Total, 65 years and over","1,499",309,20.6,292,19.4,18,5.7
New Jersey,"Men, 20 to 24 years",309,185,59.8,174,56.2,11,6
New Jersey,"Men, 25 to 34 years",587,531,90.5,506,86.2,25,4.8
New Jersey,"Men, 35 to 44 years",524,493,93.9,481,91.6,12,2.4
New Jersey,"Men, 45 to 54 years",564,506,89.7,486,86.2,20,3.9
New Jersey,"Men, 55 to 64 years",557,414,74.4,402,72.2,13,3
New Jersey,"Men, 65 years and over",683,168,24.6,161,23.6,7,4.2
New Jersey,"Women, 20 to 24 years",324,220,67.8,207,63.8,13,5.9
New Jersey,"Women, 25 to 34 years",534,410,76.6,389,72.7,21,5.1
New Jersey,"Women, 35 to 44 years",563,426,75.7,417,74.1,9,2.2
New Jersey,"Women, 45 to 54 years",624,469,75.2,458,73.4,11,2.3
New Jersey,"Women, 55 to 64 years",634,396,62.4,374,59.1,21,5.3
New Jersey,"Women, 65 years and over",817,141,17.3,131,16,10,7.4
New Mexico,Total,"1,627",946,58.1,902,55.4,44,4.7
New Mexico,Men,790,500,63.3,474,60.1,25,5.1
New Mexico,Women,838,446,53.3,427,51,19,4.3
New Mexico,White,"1,322",776,58.6,743,56.2,33,4.2
New Mexico,"White, men",644,416,64.6,398,61.8,18,4.3
New Mexico,"White, women",679,360,53,345,50.8,15,4
New Mexico,Black or African American,36,25,69.4,23,63.7,2,8
New Mexico,Hispanic or Latino ethnicity,697,421,60.3,402,57.6,19,4.5
New Mexico,"Hispanic or Latino ethnicity, men",338,223,66,213,63,10,4.5
New Mexico,"Hispanic or Latino ethnicity, women",360,198,55,189,52.6,9,4.4
New Mexico,"Total, 16 to 19 years",112,38,34,33,29.5,5,13.2
New Mexico,"Total, 20 to 24 years",141,104,73.6,94,66.6,10,9.6
New Mexico,"Total, 25 to 34 years",269,206,76.7,196,72.8,11,5.1
New Mexico,"Total, 35 to 44 years",236,192,81.2,185,78.5,6,3.3
New Mexico,"Total, 45 to 54 years",244,183,75.2,178,72.8,6,3.2
New Mexico,"Total, 55 to 64 years",279,160,57.3,155,55.7,4,2.7
New Mexico,"Total, 65 years and over",347,64,18.3,61,17.7,2,3.8
New Mexico,"Men, 20 to 24 years",72,54,75.6,47,65.9,7,13
New Mexico,"Men, 25 to 34 years",129,107,83.5,102,79.6,5,4.7
New Mexico,"Men, 35 to 44 years",122,108,88.5,105,85.5,4,3.4
New Mexico,"Men, 45 to 54 years",119,96,80.7,93,78.2,3,3.1
New Mexico,"Men, 55 to 64 years",135,80,59.2,77,57.3,3,3.3
New Mexico,"Men, 65 years and over",157,34,21.4,32,20.5,2,4.5
New Mexico,"Women, 20 to 24 years",69,50,71.6,47,67.3,3,5.9
New Mexico,"Women, 25 to 34 years",140,99,70.5,93,66.5,6,5.6
New Mexico,"Women, 35 to 44 years",114,83,73.2,81,70.9,3,3.2
New Mexico,"Women, 45 to 54 years",125,87,69.9,85,67.7,3,3.2
New Mexico,"Women, 55 to 64 years",144,80,55.4,78,54.2,2,2.1
New Mexico,"Women, 65 years and over",191,30,15.8,29,15.3,1,2.9
New York,Total,"15,972","9,704",60.8,"9,302",58.2,402,4.1
New York,Men,"7,628","5,057",66.3,"4,828",63.3,229,4.5
New York,Women,"8,344","4,647",55.7,"4,474",53.6,173,3.7
New York,White,"11,309","6,962",61.6,"6,703",59.3,259,3.7
New York,"White, men","5,501","3,707",67.4,"3,555",64.6,152,4.1
New York,"White, women","5,809","3,255",56,"3,148",54.2,107,3.3
New York,Black or African American,"2,718","1,557",57.3,"1,445",53.1,113,7.2
New York,"Black or African American, men","1,217",723,59.4,664,54.6,59,8.1
New York,"Black or African American, women","1,501",834,55.6,780,52,54,6.5
New York,Hispanic or Latino ethnicity,"2,679","1,648",61.5,"1,569",58.6,79,4.8
New York,"Hispanic or Latino ethnicity, men","1,283",891,69.5,849,66.2,43,4.8
New York,"Hispanic or Latino ethnicity, women","1,396",757,54.2,721,51.6,36,4.8
New York,"Total, 16 to 19 years",970,276,28.5,248,25.5,29,10.4
New York,"Total, 20 to 24 years","1,307",815,62.4,753,57.6,63,7.7
New York,"Total, 25 to 34 years","2,903","2,375",81.8,"2,278",78.5,97,4.1
New York,"Total, 35 to 44 years","2,470","2,008",81.3,"1,931",78.2,77,3.8
New York,"Total, 45 to 54 years","2,364","1,877",79.4,"1,814",76.8,63,3.3
New York,"Total, 55 to 64 years","2,669","1,686",63.1,"1,639",61.4,47,2.8
New York,"Total, 65 years and over","3,289",668,20.3,640,19.5,27,4.1
New York,"Men, 16 to 19 years",491,135,27.5,122,24.8,13,9.9
New York,"Men, 20 to 24 years",645,424,65.8,390,60.4,35,8.1
New York,"Men, 25 to 34 years","1,432","1,263",88.2,"1,204",84.1,59,4.6
New York,"Men, 35 to 44 years","1,211","1,078",89,"1,035",85.5,42,3.9
New York,"Men, 45 to 54 years","1,143",959,83.9,924,80.8,36,3.7
New York,"Men, 55 to 64 years","1,261",834,66.1,809,64.2,25,3
New York,"Men, 65 years and over","1,446",364,25.2,345,23.8,19,5.3
New York,"Women, 16 to 19 years",479,142,29.6,126,26.4,15,10.9
New York,"Women, 20 to 24 years",663,391,59,363,54.8,28,7.2
New York,"Women, 25 to 34 years","1,471","1,112",75.6,"1,073",73,38,3.4
New York,"Women, 35 to 44 years","1,260",930,73.8,896,71.1,34,3.7
New York,"Women, 45 to 54 years","1,221",918,75.2,891,73,27,2.9
New York,"Women, 55 to 64 years","1,409",851,60.4,829,58.9,22,2.6
New York,"Women, 65 years and over","1,843",304,16.5,296,16.1,8,2.6
North Carolina,Total,"8,144","4,991",61.3,"4,801",59,190,3.8
North Carolina,Men,"3,857","2,582",66.9,"2,491",64.6,91,3.5
North Carolina,Women,"4,286","2,409",56.2,"2,310",53.9,99,4.1
North Carolina,White,"5,810","3,548",61.1,"3,439",59.2,110,3.1
North Carolina,"White, men","2,821","1,909",67.7,"1,856",65.8,53,2.8
North Carolina,"White, women","2,989","1,639",54.9,"1,582",52.9,57,3.5
North Carolina,Black or African American,"1,754","1,113",63.5,"1,048",59.7,66,5.9
North Carolina,"Black or African American, men",786,512,65.1,480,61.1,32,6.2
North Carolina,"Black or African American, women",969,601,62.1,568,58.6,34,5.6
North Carolina,Hispanic or Latino ethnicity,705,492,69.8,469,66.6,23,4.6
North Carolina,"Hispanic or Latino ethnicity, men",353,301,85.1,293,83,8,2.5
North Carolina,"Hispanic or Latino ethnicity, women",352,192,54.4,176,50.1,15,8
North Carolina,"Total, 16 to 19 years",462,149,32.2,121,26.3,27,18.4
North Carolina,"Total, 20 to 24 years",739,502,68,474,64.2,28,5.6
North Carolina,"Total, 25 to 34 years","1,421","1,142",80.4,"1,098",77.3,44,3.8
North Carolina,"Total, 35 to 44 years","1,171",980,83.7,949,81.1,31,3.1
North Carolina,"Total, 45 to 54 years","1,382","1,102",79.7,"1,068",77.3,34,3.1
North Carolina,"Total, 55 to 64 years","1,361",839,61.6,823,60.5,16,1.9
North Carolina,"Total, 65 years and over","1,609",277,17.2,268,16.6,10,3.5
North Carolina,"Men, 20 to 24 years",358,256,71.5,237,66.3,19,7.3
North Carolina,"Men, 25 to 34 years",675,589,87.3,568,84.2,21,3.6
North Carolina,"Men, 35 to 44 years",573,518,90.4,505,88.1,13,2.5
North Carolina,"Men, 45 to 54 years",684,585,85.5,570,83.4,15,2.5
North Carolina,"Men, 55 to 64 years",624,410,65.8,404,64.7,7,1.7
North Carolina,"Men, 65 years and over",711,154,21.6,152,21.4,1,0.9
North Carolina,"Women, 20 to 24 years",381,246,64.7,237,62.2,10,3.8
North Carolina,"Women, 25 to 34 years",747,553,74.1,530,71,23,4.1
North Carolina,"Women, 35 to 44 years",598,462,77.4,445,74.4,18,3.8
North Carolina,"Women, 45 to 54 years",698,517,74.1,498,71.3,19,3.7
North Carolina,"Women, 55 to 64 years",738,428,58.1,419,56.8,9,2.1
North Carolina,"Women, 65 years and over",898,124,13.8,116,12.9,8,6.7
North Dakota,Total,579,398,68.7,387,66.8,11,2.8
North Dakota,Men,295,219,74.2,211,71.8,7,3.3
North Dakota,Women,284,179,63.1,175,61.6,4,2.3
North Dakota,White,511,357,69.8,349,68.2,8,2.2
North Dakota,"White, men",258,194,75.2,189,73.2,5,2.6
North Dakota,"White, women",253,163,64.3,160,63.1,3,1.8
North Dakota,"Total, 20 to 24 years",54,42,77.5,41,74.9,2,3.6
North Dakota,"Total, 25 to 34 years",117,99,84.9,96,82.3,3,3
North Dakota,"Total, 35 to 44 years",90,79,88.4,78,86.7,2,2
North Dakota,"Total, 45 to 54 years",80,70,87.8,68,85.3,2,2.9
North Dakota,"Total, 55 to 64 years",96,68,71,66,69.2,2,2.4
North Dakota,"Total, 65 years and over",109,24,22.3,24,21.8,1,2.1
North Dakota,"Men, 20 to 24 years",28,22,78.5,22,76,1,3.4
North Dakota,"Men, 25 to 34 years",61,56,92,54,88.9,2,3.4
North Dakota,"Men, 35 to 44 years",48,45,94,44,91.6,1,2.6
North Dakota,"Men, 45 to 54 years",42,38,90.4,37,87.2,1,3.4
North Dakota,"Men, 55 to 64 years",47,36,77.4,35,75.3,1,2.8
North Dakota,"Women, 20 to 24 years",26,20,76,19,73.7,1,3.3
North Dakota,"Women, 25 to 34 years",55,43,77.1,42,75.1,1,2.7
North Dakota,"Women, 35 to 44 years",42,35,82.1,34,81.3,(1)-,1.1
North Dakota,"Women, 45 to 54 years",38,32,84.9,31,83.2,1,2.1
North Dakota,"Women, 55 to 64 years",49,32,64.8,31,63.4,1,2
Ohio,Total,"9,227","5,755",62.4,"5,494",59.5,261,4.5
Ohio,Men,"4,453","3,025",67.9,"2,869",64.4,156,5.2
Ohio,Women,"4,774","2,730",57.2,"2,625",55,105,3.8
Ohio,White,"7,710","4,847",62.9,"4,644",60.2,202,4.2
Ohio,"White, men","3,746","2,588",69.1,"2,470",66,118,4.6
Ohio,"White, women","3,964","2,258",57,"2,174",54.8,85,3.7
Ohio,Black or African American,"1,106",647,58.5,606,54.8,41,6.4
Ohio,"Black or African American, men",506,292,57.8,267,52.8,25,8.7
Ohio,"Black or African American, women",600,355,59.2,339,56.5,16,4.5
Ohio,Hispanic or Latino ethnicity,274,185,67.5,173,63.3,11,6.2
Ohio,"Hispanic or Latino ethnicity, men",140,110,78.5,100,71.6,10,8.8
Ohio,"Total, 16 to 19 years",633,262,41.3,223,35.3,38,14.6
Ohio,"Total, 20 to 24 years",753,587,77.9,541,71.8,45,7.7
Ohio,"Total, 25 to 34 years","1,521","1,268",83.4,"1,218",80,51,4
Ohio,"Total, 35 to 44 years","1,322","1,106",83.7,"1,065",80.5,41,3.7
Ohio,"Total, 45 to 54 years","1,500","1,190",79.3,"1,146",76.4,44,3.7
Ohio,"Total, 55 to 64 years","1,559","1,013",65,984,63.2,29,2.9
Ohio,"Total, 65 years and over","1,939",330,17,317,16.4,13,3.8
Ohio,"Men, 16 to 19 years",317,129,40.8,106,33.5,23,17.9
Ohio,"Men, 20 to 24 years",390,312,79.9,288,73.9,23,7.5
Ohio,"Men, 25 to 34 years",747,668,89.4,635,84.9,33,5
Ohio,"Men, 35 to 44 years",650,589,90.7,567,87.2,23,3.8
Ohio,"Men, 45 to 54 years",735,611,83.1,582,79.2,29,4.7
Ohio,"Men, 55 to 64 years",774,538,69.5,520,67.2,18,3.4
Ohio,"Men, 65 years and over",842,179,21.2,172,20.4,7,3.8
Ohio,"Women, 16 to 19 years",316,132,41.9,117,37.1,15,11.4
Ohio,"Women, 20 to 24 years",363,275,75.7,253,69.6,22,8
Ohio,"Women, 25 to 34 years",774,600,77.6,583,75.3,17,2.9
Ohio,"Women, 35 to 44 years",673,517,76.9,498,74.1,19,3.6
Ohio,"Women, 45 to 54 years",765,579,75.7,564,73.7,15,2.7
Ohio,"Women, 55 to 64 years",785,476,60.6,465,59.2,11,2.2
Ohio,"Women, 65 years and over","1,098",151,13.8,145,13.2,6,3.8
Oklahoma,Total,"3,009","1,844",61.3,"1,781",59.2,63,3.4
Oklahoma,Men,"1,460","1,016",69.6,982,67.2,34,3.4
Oklahoma,Women,"1,549",828,53.5,799,51.6,29,3.5
Oklahoma,White,"2,325","1,427",61.4,"1,389",59.8,38,2.7
Oklahoma,"White, men","1,133",797,70.3,776,68.4,21,2.7
Oklahoma,"White, women","1,191",631,52.9,614,51.5,17,2.7
Oklahoma,Black or African American,205,125,61,116,56.6,9,7.2
Oklahoma,"Black or African American, men",99,66,67.2,61,61.9,5,7.9
Oklahoma,Hispanic or Latino ethnicity,323,222,68.8,215,66.4,8,3.4
Oklahoma,"Hispanic or Latino ethnicity, men",168,142,84.5,138,82.3,4,2.6
Oklahoma,"Hispanic or Latino ethnicity, women",155,81,51.8,77,49.4,4,4.8
Oklahoma,"Total, 16 to 19 years",206,76,36.8,68,32.8,8,10.9
Oklahoma,"Total, 20 to 24 years",240,170,71.1,160,66.8,10,6
Oklahoma,"Total, 25 to 34 years",548,426,77.7,411,75,15,3.5
Oklahoma,"Total, 35 to 44 years",479,387,80.9,376,78.5,11,2.9
Oklahoma,"Total, 45 to 54 years",441,343,77.8,334,75.8,9,2.5
Oklahoma,"Total, 55 to 64 years",487,317,65,312,64,5,1.6
Oklahoma,"Total, 65 years and over",609,125,20.5,121,19.8,4,3.3
Oklahoma,"Men, 20 to 24 years",120,98,81.6,92,76.7,6,6
Oklahoma,"Men, 25 to 34 years",261,227,87.1,221,84.7,6,2.8
Oklahoma,"Men, 35 to 44 years",244,221,90.5,214,87.8,7,2.9
Oklahoma,"Men, 45 to 54 years",224,195,87.1,190,84.9,5,2.6
Oklahoma,"Men, 55 to 64 years",233,168,72.2,165,70.8,3,2
Oklahoma,"Men, 65 years and over",270,70,26.1,68,25.3,2,3.3
Oklahoma,"Women, 20 to 24 years",120,73,60.6,68,57,4,5.9
Oklahoma,"Women, 25 to 34 years",287,199,69.2,190,66.2,9,4.3
Oklahoma,"Women, 35 to 44 years",235,167,70.9,162,68.9,5,2.9
Oklahoma,"Women, 45 to 54 years",217,148,68.2,144,66.5,4,2.5
Oklahoma,"Women, 55 to 64 years",254,149,58.5,147,57.7,2,1.3
Oregon,Total,"3,381","2,089",61.8,"2,002",59.2,87,4.1
Oregon,Men,"1,654","1,097",66.3,"1,049",63.4,49,4.4
Oregon,Women,"1,727",991,57.4,953,55.2,38,3.8
Oregon,White,"2,952","1,814",61.4,"1,739",58.9,75,4.1
Oregon,"White, men","1,445",959,66.4,916,63.4,43,4.5
Oregon,"White, women","1,507",855,56.7,823,54.6,32,3.7
Oregon,Hispanic or Latino ethnicity,387,286,73.9,270,69.8,16,5.6
Oregon,"Hispanic or Latino ethnicity, men",199,156,78.4,147,74.1,9,5.5
Oregon,"Hispanic or Latino ethnicity, women",188,130,69.2,123,65.3,7,5.6
Oregon,"Total, 16 to 19 years",190,67,35.3,59,30.9,8,12.5
Oregon,"Total, 20 to 24 years",238,179,75.3,167,70.4,12,6.4
Oregon,"Total, 25 to 34 years",600,488,81.4,466,77.8,22,4.5
Oregon,"Total, 35 to 44 years",570,482,84.5,465,81.5,17,3.6
Oregon,"Total, 45 to 54 years",496,409,82.4,395,79.6,14,3.4
Oregon,"Total, 55 to 64 years",539,334,61.9,325,60.2,9,2.7
Oregon,"Total, 65 years and over",750,131,17.4,126,16.8,5,3.7
Oregon,"Men, 20 to 24 years",126,89,70.8,81,64.8,8,8.5
Oregon,"Men, 25 to 34 years",307,267,86.8,253,82.5,13,5
Oregon,"Men, 35 to 44 years",272,247,90.5,237,87.2,9,3.7
Oregon,"Men, 45 to 54 years",243,209,86.1,202,83.3,7,3.3
Oregon,"Men, 55 to 64 years",265,180,67.8,175,66.2,4,2.4
Oregon,"Men, 65 years and over",344,74,21.4,71,20.8,2,3
Oregon,"Women, 20 to 24 years",112,90,80.2,86,76.8,4,4.3
Oregon,"Women, 25 to 34 years",293,222,75.8,213,72.8,9,3.9
Oregon,"Women, 35 to 44 years",298,235,79,227,76.3,8,3.4
Oregon,"Women, 45 to 54 years",253,199,78.7,193,76,7,3.4
Oregon,"Women, 55 to 64 years",274,154,56.2,149,54.5,5,3.1
Pennsylvania,Total,"10,286","6,441",62.6,"6,165",59.9,276,4.3
Pennsylvania,Men,"4,957","3,387",68.3,"3,236",65.3,151,4.5
Pennsylvania,Women,"5,329","3,055",57.3,"2,929",55,126,4.1
Pennsylvania,White,"8,490","5,307",62.5,"5,097",60,209,3.9
Pennsylvania,"White, men","4,132","2,838",68.7,"2,723",65.9,115,4
Pennsylvania,"White, women","4,358","2,469",56.7,"2,375",54.5,94,3.8
Pennsylvania,Black or African American,"1,119",693,62,645,57.6,49,7
Pennsylvania,"Black or African American, men",509,330,64.8,304,59.9,25,7.7
Pennsylvania,"Black or African American, women",610,364,59.6,340,55.8,24,6.5
Pennsylvania,Hispanic or Latino ethnicity,646,404,62.6,379,58.6,26,6.3
Pennsylvania,"Hispanic or Latino ethnicity, men",311,221,70.9,207,66.7,13,6
Pennsylvania,"Hispanic or Latino ethnicity, women",335,184,54.8,171,51.1,12,6.7
Pennsylvania,"Total, 16 to 19 years",664,282,42.5,250,37.7,32,11.5
Pennsylvania,"Total, 20 to 24 years",794,569,71.7,530,66.8,40,7
Pennsylvania,"Total, 25 to 34 years","1,631","1,369",83.9,"1,302",79.8,66,4.9
Pennsylvania,"Total, 35 to 44 years","1,495","1,266",84.7,"1,222",81.7,44,3.5
Pennsylvania,"Total, 45 to 54 years","1,571","1,310",83.4,"1,272",81,38,2.9
Pennsylvania,"Total, 55 to 64 years","1,782","1,182",66.3,"1,143",64.2,38,3.3
Pennsylvania,"Total, 65 years and over","2,349",463,19.7,445,18.9,18,3.9
Pennsylvania,"Men, 16 to 19 years",348,149,42.9,129,37,21,13.8
Pennsylvania,"Men, 20 to 24 years",407,295,72.5,271,66.5,24,8.3
Pennsylvania,"Men, 25 to 34 years",791,705,89.1,670,84.8,34,4.9
Pennsylvania,"Men, 35 to 44 years",738,679,92,658,89.2,21,3.1
Pennsylvania,"Men, 45 to 54 years",770,682,88.7,664,86.2,19,2.7
Pennsylvania,"Men, 55 to 64 years",851,619,72.8,596,70.1,23,3.6
Pennsylvania,"Men, 65 years and over","1,054",258,24.4,249,23.6,9,3.5
Pennsylvania,"Women, 16 to 19 years",316,133,42.1,122,38.4,12,8.8
Pennsylvania,"Women, 20 to 24 years",386,274,71,259,67,15,5.5
Pennsylvania,"Women, 25 to 34 years",841,664,79,632,75.2,32,4.8
Pennsylvania,"Women, 35 to 44 years",758,588,77.5,565,74.5,23,3.9
Pennsylvania,"Women, 45 to 54 years",802,628,78.3,609,75.9,19,3
Pennsylvania,"Women, 55 to 64 years",931,563,60.4,547,58.7,16,2.8
Pennsylvania,"Women, 65 years and over","1,295",205,15.9,196,15.2,9,4.4
Rhode Island,Total,866,559,64.6,537,62,23,4.1
Rhode Island,Men,415,290,69.9,278,66.9,12,4.2
Rhode Island,Women,451,270,59.8,259,57.4,11,4
Rhode Island,White,761,488,64.1,470,61.7,18,3.7
Rhode Island,"White, men",365,252,69,242,66.3,10,3.8
Rhode Island,"White, women",396,236,59.6,227,57.4,9,3.6
Rhode Island,Black or African American,59,41,69.7,38,65.3,3,6.3
Rhode Island,Hispanic or Latino ethnicity,120,80,67.1,75,62.3,6,7.2
Rhode Island,"Hispanic or Latino ethnicity, men",53,40,75.2,37,69.3,3,7.9
Rhode Island,"Hispanic or Latino ethnicity, women",67,41,60.6,38,56.7,3,6.5
Rhode Island,"Total, 20 to 24 years",65,49,76.1,46,71.2,3,6.5
Rhode Island,"Total, 25 to 34 years",147,124,84.4,120,81.5,5,3.6
Rhode Island,"Total, 35 to 44 years",134,115,85.7,112,83.5,3,2.5
Rhode Island,"Total, 45 to 54 years",131,108,82.5,105,79.6,4,3.5
Rhode Island,"Total, 55 to 64 years",155,104,66.9,100,64.5,4,3.6
Rhode Island,"Total, 65 years and over",178,37,20.7,36,20.2,1,2.2
Rhode Island,"Men, 25 to 34 years",72,67,92.4,64,89,3,3.7
Rhode Island,"Men, 35 to 44 years",69,62,90.6,61,88.7,1,2
Rhode Island,"Men, 45 to 54 years",61,54,88.1,52,85.6,2,3
Rhode Island,"Men, 55 to 64 years",73,52,71.1,50,68.6,2,3.5
Rhode Island,"Women, 20 to 24 years",32,25,78.1,24,74.7,1,4.2
Rhode Island,"Women, 25 to 34 years",75,58,76.8,56,74.2,2,3.4
Rhode Island,"Women, 35 to 44 years",65,52,80.5,51,78.1,2,3
Rhode Island,"Women, 45 to 54 years",70,54,77.6,52,74.5,2,4.1
Rhode Island,"Women, 55 to 64 years",81,51,63.2,50,60.8,2,3.7
South Carolina,Total,"4,009","2,320",57.9,"2,238",55.8,82,3.5
South Carolina,Men,"1,891","1,224",64.7,"1,182",62.5,42,3.4
South Carolina,Women,"2,118","1,096",51.7,"1,056",49.9,40,3.6
South Carolina,White,"2,850","1,637",57.5,"1,596",56,41,2.5
South Carolina,"White, men","1,374",899,65.4,879,64,20,2.3
South Carolina,"White, women","1,476",738,50,717,48.6,21,2.8
South Carolina,Black or African American,"1,040",602,57.9,564,54.2,38,6.3
South Carolina,"Black or African American, men",462,286,62,267,57.8,19,6.7
South Carolina,"Black or African American, women",578,316,54.6,297,51.4,19,6
South Carolina,Hispanic or Latino ethnicity,184,129,69.9,123,66.8,6,4.5
South Carolina,"Hispanic or Latino ethnicity, men",104,88,85,85,82.4,3,3.1
South Carolina,"Total, 16 to 19 years",254,85,33.3,74,29.1,11,12.7
South Carolina,"Total, 20 to 24 years",291,207,71.1,192,66.1,15,7.2
South Carolina,"Total, 25 to 34 years",651,525,80.7,502,77.1,24,4.5
South Carolina,"Total, 35 to 44 years",611,497,81.4,487,79.7,11,2.1
South Carolina,"Total, 45 to 54 years",604,462,76.6,450,74.5,13,2.7
South Carolina,"Total, 55 to 64 years",669,385,57.5,379,56.6,6,1.6
South Carolina,"Total, 65 years and over",929,158,17,155,16.6,3,2.1
South Carolina,"Men, 20 to 24 years",142,105,74.1,98,69.4,7,6.5
South Carolina,"Men, 25 to 34 years",312,273,87.4,265,84.7,8,3
South Carolina,"Men, 35 to 44 years",297,271,91.3,264,88.9,7,2.6
South Carolina,"Men, 45 to 54 years",288,240,83.4,233,80.9,7,2.9
South Carolina,"Men, 55 to 64 years",314,204,64.7,199,63.4,4,2
South Carolina,"Men, 65 years and over",415,87,20.9,85,20.4,2,2.2
South Carolina,"Women, 20 to 24 years",149,102,68.3,94,63,8,7.9
South Carolina,"Women, 25 to 34 years",339,253,74.6,237,70,16,6.2
South Carolina,"Women, 35 to 44 years",315,227,72,223,71,3,1.5
South Carolina,"Women, 45 to 54 years",316,222,70.4,217,68.6,6,2.5
South Carolina,"Women, 55 to 64 years",355,182,51.1,180,50.6,2,1.2
South Carolina,"Women, 65 years and over",514,71,13.9,70,13.6,1,2
South Dakota,Total,666,458,68.8,445,66.8,14,2.9
South Dakota,Men,333,245,73.7,238,71.6,7,2.9
South Dakota,Women,333,213,63.9,207,62,7,3
South Dakota,White,579,407,70.4,399,69,8,1.9
South Dakota,"White, men",293,220,75.1,215,73.6,4,2
South Dakota,"White, women",286,187,65.5,184,64.3,4,1.9
South Dakota,"Total, 20 to 24 years",60,47,78.3,44,72.7,3,7.2
South Dakota,"Total, 25 to 34 years",106,92,87.1,89,83.9,3,3.6
South Dakota,"Total, 35 to 44 years",99,88,88.6,86,86.9,2,1.8
South Dakota,"Total, 45 to 54 years",97,85,87.9,83,85.8,2,2.4
South Dakota,"Total, 55 to 64 years",117,90,77.1,89,75.9,1,1.3
South Dakota,"Men, 25 to 34 years",54,50,93.1,48,90.1,2,3.1
South Dakota,"Men, 35 to 44 years",52,47,91,46,88.4,1,2.6
South Dakota,"Men, 45 to 54 years",47,44,93.1,43,90.6,1,2.8
South Dakota,"Men, 55 to 64 years",61,49,79.9,48,78.9,1,1.3
South Dakota,"Women, 25 to 34 years",52,42,80.9,40,77.5,2,4.1
South Dakota,"Women, 35 to 44 years",47,41,86,40,85.1,(1)-,1
South Dakota,"Women, 45 to 54 years",50,41,82.9,41,81.3,1,1.9
South Dakota,"Women, 55 to 64 years",56,41,73.9,41,72.6,1,1.6
Tennessee,Total,"5,339","3,248",60.8,"3,133",58.7,114,3.5
Tennessee,Men,"2,553","1,729",67.7,"1,674",65.6,55,3.2
Tennessee,Women,"2,786","1,518",54.5,"1,459",52.4,59,3.9
Tennessee,White,"4,218","2,544",60.3,"2,464",58.4,81,3.2
Tennessee,"White, men","2,045","1,389",67.9,"1,351",66.1,38,2.8
Tennessee,"White, women","2,173","1,155",53.1,"1,113",51.2,42,3.6
Tennessee,Black or African American,865,539,62.3,510,58.9,29,5.4
Tennessee,"Black or African American, men",390,257,65.8,244,62.4,13,5.1
Tennessee,"Black or African American, women",475,282,59.5,266,56.1,16,5.7
Tennessee,Hispanic or Latino ethnicity,250,175,70,169,67.5,6,3.6
Tennessee,"Hispanic or Latino ethnicity, men",134,116,86.7,113,84.6,3,2.4
Tennessee,"Total, 16 to 19 years",325,123,37.8,109,33.5,14,11.2
Tennessee,"Total, 20 to 24 years",465,341,73.2,314,67.5,27,7.8
Tennessee,"Total, 25 to 34 years",929,777,83.7,755,81.2,22,2.9
Tennessee,"Total, 35 to 44 years",780,608,78,591,75.8,17,2.8
Tennessee,"Total, 45 to 54 years",848,648,76.4,633,74.7,15,2.3
Tennessee,"Total, 55 to 64 years",896,548,61.1,533,59.5,15,2.6
Tennessee,"Total, 65 years and over","1,096",203,18.5,198,18.1,5,2.6
Tennessee,"Men, 20 to 24 years",225,173,76.8,157,69.9,16,8.9
Tennessee,"Men, 25 to 34 years",449,413,91.9,400,89.1,12,3
Tennessee,"Men, 35 to 44 years",387,334,86.1,324,83.6,10,3
Tennessee,"Men, 45 to 54 years",422,351,83.1,346,81.9,5,1.5
Tennessee,"Men, 55 to 64 years",416,287,68.9,282,67.8,5,1.7
Tennessee,"Men, 65 years and over",489,115,23.5,113,23.1,2,1.7
Tennessee,"Women, 20 to 24 years",240,168,69.9,157,65.3,11,6.6
Tennessee,"Women, 25 to 34 years",480,365,76,355,73.9,10,2.8
Tennessee,"Women, 35 to 44 years",393,275,70,267,68.1,7,2.6
Tennessee,"Women, 45 to 54 years",426,297,69.7,288,67.5,9,3.2
Tennessee,"Women, 55 to 64 years",480,261,54.3,251,52.3,10,3.7
Texas,Total,"21,617","13,876",64.2,"13,342",61.7,534,3.8
Texas,Men,"10,525","7,639",72.6,"7,358",69.9,282,3.7
Texas,Women,"11,092","6,237",56.2,"5,985",54,253,4.1
Texas,White,"17,023","10,839",63.7,"10,450",61.4,389,3.6
Texas,"White, men","8,342","6,103",73.2,"5,897",70.7,205,3.4
Texas,"White, women","8,681","4,737",54.6,"4,553",52.4,184,3.9
Texas,Black or African American,"2,700","1,807",66.9,"1,705",63.1,103,5.7
Texas,"Black or African American, men","1,245",852,68.4,796,63.9,56,6.6
Texas,"Black or African American, women","1,454",955,65.7,909,62.5,47,4.9
Texas,Hispanic or Latino ethnicity,"7,896","5,132",65,"4,908",62.2,224,4.4
Texas,"Hispanic or Latino ethnicity, men","3,952","3,012",76.2,"2,888",73.1,124,4.1
Texas,"Hispanic or Latino ethnicity, women","3,943","2,120",53.8,"2,021",51.2,100,4.7
Texas,"Total, 16 to 19 years","1,568",504,32.1,440,28.1,64,12.6
Texas,"Total, 20 to 24 years","2,024","1,426",70.4,"1,330",65.7,96,6.7
Texas,"Total, 25 to 34 years","4,083","3,285",80.5,"3,168",77.6,118,3.6
Texas,"Total, 35 to 44 years","3,711","3,055",82.3,"2,960",79.8,95,3.1
Texas,"Total, 45 to 54 years","3,440","2,775",80.7,"2,701",78.5,75,2.7
Texas,"Total, 55 to 64 years","3,151","2,071",65.7,"2,005",63.6,66,3.2
Texas,"Total, 65 years and over","3,639",760,20.9,739,20.3,21,2.8
Texas,"Men, 16 to 19 years",775,250,32.2,215,27.7,35,14.1
Texas,"Men, 20 to 24 years","1,041",783,75.3,723,69.5,60,7.7
Texas,"Men, 25 to 34 years","2,057","1,838",89.3,"1,777",86.4,60,3.3
Texas,"Men, 35 to 44 years","1,802","1,675",93,"1,636",90.8,40,2.4
Texas,"Men, 45 to 54 years","1,715","1,524",88.9,"1,491",87,33,2.1
Texas,"Men, 55 to 64 years","1,521","1,149",75.5,"1,109",72.9,40,3.4
Texas,"Men, 65 years and over","1,613",421,26.1,406,25.2,14,3.4
Texas,"Women, 16 to 19 years",793,255,32.1,226,28.5,29,11.3
Texas,"Women, 20 to 24 years",983,643,65.4,607,61.7,36,5.6
Texas,"Women, 25 to 34 years","2,026","1,448",71.5,"1,391",68.6,57,4
Texas,"Women, 35 to 44 years","1,909","1,380",72.3,"1,325",69.4,55,4
Texas,"Women, 45 to 54 years","1,725","1,252",72.6,"1,210",70.1,42,3.3
Texas,"Women, 55 to 64 years","1,630",922,56.5,895,54.9,27,2.9
Texas,"Women, 65 years and over","2,026",339,16.7,332,16.4,7,2
Utah,Total,"2,300","1,553",67.5,"1,503",65.3,51,3.3
Utah,Men,"1,143",870,76.1,844,73.8,26,2.9
Utah,Women,"1,157",684,59.1,659,56.9,25,3.7
Utah,White,"2,136","1,439",67.4,"1,394",65.3,46,3.2
Utah,"White, men","1,059",807,76.2,783,73.9,24,3
Utah,"White, women","1,077",633,58.8,611,56.7,22,3.5
Utah,Hispanic or Latino ethnicity,304,214,70.5,206,67.8,8,3.8
Utah,"Hispanic or Latino ethnicity, men",155,124,79.9,119,76.9,5,3.8
Utah,"Hispanic or Latino ethnicity, women",148,90,60.6,86,58.3,4,3.9
Utah,"Total, 16 to 19 years",189,97,51.3,87,45.9,10,10.4
Utah,"Total, 20 to 24 years",260,208,80.1,198,76.2,10,4.9
Utah,"Total, 25 to 34 years",433,344,79.6,335,77.3,10,2.8
Utah,"Total, 35 to 44 years",453,375,82.9,367,81,8,2.2
Utah,"Total, 45 to 54 years",288,239,82.9,234,81.3,5,1.9
Utah,"Total, 55 to 64 years",299,217,72.6,213,71.2,4,1.9
Utah,"Total, 65 years and over",378,72,19,69,18.2,3,4.3
Utah,"Men, 20 to 24 years",130,110,85.2,105,81,5,4.9
Utah,"Men, 25 to 34 years",222,202,91.1,197,88.5,6,2.9
Utah,"Men, 35 to 44 years",226,214,94.3,211,93.2,2,1.1
Utah,"Men, 45 to 54 years",146,134,91.9,132,90.5,2,1.6
Utah,"Men, 55 to 64 years",147,117,80,115,78.5,2,1.9
Utah,"Women, 20 to 24 years",130,98,75.1,93,71.4,5,5
Utah,"Women, 25 to 34 years",210,142,67.5,138,65.6,4,2.7
Utah,"Women, 35 to 44 years",226,162,71.5,156,68.8,6,3.8
Utah,"Women, 45 to 54 years",142,105,73.6,102,71.9,2,2.3
Utah,"Women, 55 to 64 years",153,100,65.6,98,64.3,2,2
Vermont,Total,517,346,66.9,337,65.1,9,2.7
Vermont,Men,253,180,70.9,175,69.2,4,2.4
Vermont,Women,263,166,63.2,161,61.3,5,3
Vermont,White,490,328,66.8,319,65.1,9,2.6
Vermont,"White, men",239,169,70.6,165,68.9,4,2.4
Vermont,"White, women",251,159,63.2,154,61.4,5,2.9
Vermont,"Total, 20 to 24 years",37,28,75.3,27,72.1,1,4.6
Vermont,"Total, 25 to 34 years",78,68,87.4,66,85.7,1,1.9
Vermont,"Total, 35 to 44 years",78,69,88.1,67,85.6,2,2.8
Vermont,"Total, 45 to 54 years",82,69,84,67,82.1,2,2.5
Vermont,"Total, 55 to 64 years",88,66,75.7,65,74,1,2.1
Vermont,"Total, 65 years and over",125,33,26.5,32,25.9,1,2.4
Vermont,"Men, 25 to 34 years",39,36,91.5,35,89.7,1,1.9
Vermont,"Men, 35 to 44 years",40,37,92.9,36,90.7,1,2.4
Vermont,"Men, 45 to 54 years",41,36,88.2,35,86.7,1,1.9
Vermont,"Men, 55 to 64 years",41,32,77.7,32,76.1,1,2
Vermont,"Men, 65 years and over",59,17,29.5,17,28.7,1,2.9
Vermont,"Women, 25 to 34 years",39,32,83,31,81.6,1,1.9
Vermont,"Women, 35 to 44 years",38,32,82.9,31,80.3,1,3.2
Vermont,"Women, 45 to 54 years",41,33,79.9,32,77.5,1,3.1
Vermont,"Women, 55 to 64 years",46,34,74,33,72.1,1,2.2
Vermont,"Women, 65 years and over",66,16,23.9,15,23.4,(1)-,2.2
Virginia,Total,"6,661","4,362",65.5,"4,235",63.6,128,2.9
Virginia,Men,"3,194","2,297",71.9,"2,228",69.7,70,3
Virginia,Women,"3,467","2,065",59.6,"2,007",57.9,58,2.8
Virginia,White,"4,749","3,080",64.9,"3,003",63.2,77,2.5
Virginia,"White, men","2,300","1,665",72.4,"1,623",70.6,42,2.5
Virginia,"White, women","2,450","1,416",57.8,"1,381",56.4,35,2.5
Virginia,Black or African American,"1,269",861,67.8,823,64.9,38,4.4
Virginia,"Black or African American, men",576,397,68.8,377,65.4,20,5
Virginia,"Black or African American, women",694,465,67,447,64.4,18,3.9
Virginia,Hispanic or Latino ethnicity,702,525,74.9,505,72,20,3.8
Virginia,"Hispanic or Latino ethnicity, men",359,297,82.6,286,79.6,11,3.6
Virginia,"Hispanic or Latino ethnicity, women",343,229,66.7,219,64,9,4.1
Virginia,"Total, 16 to 19 years",440,156,35.4,138,31.3,18,11.6
Virginia,"Total, 20 to 24 years",471,357,75.8,338,71.7,19,5.4
Virginia,"Total, 25 to 34 years","1,181",989,83.7,960,81.3,29,2.9
Virginia,"Total, 35 to 44 years","1,073",895,83.4,876,81.6,20,2.2
Virginia,"Total, 45 to 54 years","1,137",938,82.5,918,80.7,20,2.2
Virginia,"Total, 55 to 64 years","1,138",781,68.7,766,67.4,15,1.9
Virginia,"Total, 65 years and over","1,221",246,20.1,239,19.5,7,2.8
Virginia,"Men, 20 to 24 years",226,168,74.3,157,69.5,11,6.4
Virginia,"Men, 25 to 34 years",564,516,91.5,499,88.5,17,3.3
Virginia,"Men, 35 to 44 years",541,492,90.9,481,88.9,11,2.2
Virginia,"Men, 45 to 54 years",549,495,90.2,483,88,12,2.4
Virginia,"Men, 55 to 64 years",566,420,74.2,413,72.9,7,1.8
Virginia,"Men, 65 years and over",525,129,24.6,125,23.8,4,3.2
Virginia,"Women, 20 to 24 years",246,190,77.2,181,73.8,8,4.4
Virginia,"Women, 25 to 34 years",617,473,76.7,461,74.7,12,2.5
Virginia,"Women, 35 to 44 years",532,404,75.9,395,74.2,9,2.2
Virginia,"Women, 45 to 54 years",588,443,75.3,435,73.9,8,1.9
Virginia,"Women, 55 to 64 years",571,361,63.2,354,61.9,7,2
Washington,Total,"5,937","3,779",63.6,"3,611",60.8,168,4.4
Washington,Men,"2,928","2,075",70.9,"1,977",67.5,98,4.7
Washington,Women,"3,009","1,704",56.6,"1,634",54.3,69,4.1
Washington,White,"4,758","2,997",63,"2,868",60.3,129,4.3
Washington,"White, men","2,354","1,661",70.5,"1,585",67.3,75,4.5
Washington,"White, women","2,403","1,336",55.6,"1,282",53.4,54,4
Washington,Black or African American,224,145,64.7,139,62,6,4.3
Washington,"Black or African American, men",118,86,73.3,83,71,3,3.3
Washington,Hispanic or Latino ethnicity,749,517,69.1,481,64.2,36,7
Washington,"Hispanic or Latino ethnicity, men",380,299,78.6,279,73.5,19,6.5
Washington,"Hispanic or Latino ethnicity, women",369,218,59.2,202,54.7,17,7.7
Washington,"Total, 16 to 19 years",380,128,33.7,108,28.5,20,15.3
Washington,"Total, 20 to 24 years",473,325,68.7,294,62.1,31,9.6
Washington,"Total, 25 to 34 years","1,084",906,83.5,867,79.9,39,4.3
Washington,"Total, 35 to 44 years",972,791,81.4,766,78.8,26,3.2
Washington,"Total, 45 to 54 years",967,790,81.8,767,79.3,23,2.9
Washington,"Total, 55 to 64 years",997,655,65.7,634,63.6,21,3.2
Washington,"Total, 65 years and over","1,065",184,17.3,177,16.6,8,4.3
Washington,"Men, 20 to 24 years",238,173,72.6,154,64.6,19,11.1
Washington,"Men, 25 to 34 years",563,508,90.3,484,86,24,4.7
Washington,"Men, 35 to 44 years",484,443,91.5,428,88.5,15,3.3
Washington,"Men, 45 to 54 years",498,442,88.7,429,86.1,13,3
Washington,"Men, 55 to 64 years",477,343,71.9,331,69.4,12,3.5
Washington,"Men, 65 years and over",482,102,21.1,97,20,5,5
Washington,"Women, 20 to 24 years",235,152,64.7,140,59.6,12,7.9
Washington,"Women, 25 to 34 years",521,398,76.3,383,73.4,15,3.8
Washington,"Women, 35 to 44 years",488,348,71.3,337,69.1,11,3.1
Washington,"Women, 45 to 54 years",468,348,74.4,338,72.2,10,2.9
Washington,"Women, 55 to 64 years",520,312,60,303,58.3,9,3
Washington,"Women, 65 years and over",583,83,14.2,80,13.7,3,3.4
West Virginia,Total,"1,453",782,53.8,741,51,41,5.3
West Virginia,Men,709,420,59.1,395,55.6,25,5.9
West Virginia,Women,744,363,48.8,347,46.6,16,4.5
West Virginia,White,"1,367",729,53.3,693,50.7,37,5
West Virginia,"White, men",666,390,58.6,369,55.3,22,5.6
West Virginia,"White, women",701,339,48.3,324,46.2,15,4.4
West Virginia,Black or African American,45,27,59.4,25,54,2,8.9
West Virginia,"Total, 16 to 19 years",88,28,31.8,23,25.8,5,18.8
West Virginia,"Total, 20 to 24 years",112,75,67.2,68,60.8,7,9.3
West Virginia,"Total, 25 to 34 years",213,163,76.4,151,71,11,7
West Virginia,"Total, 35 to 44 years",202,154,76.3,146,72.2,8,5.3
West Virginia,"Total, 45 to 54 years",237,173,73.1,168,71,5,2.7
West Virginia,"Total, 55 to 64 years",256,137,53.4,133,52.1,4,2.6
West Virginia,"Total, 65 years and over",345,52,15.2,52,15,1,1.5
West Virginia,"Men, 20 to 24 years",61,43,70.8,39,63.7,4,10.1
West Virginia,"Men, 25 to 34 years",105,89,84.5,82,77.7,7,8
West Virginia,"Men, 35 to 44 years",99,81,82,76,76.8,5,6.5
West Virginia,"Men, 45 to 54 years",117,92,78.1,89,75.5,3,3.3
West Virginia,"Men, 55 to 64 years",123,72,58.2,70,56.5,2,2.8
West Virginia,"Men, 65 years and over",159,30,18.8,29,18.4,1,1.8
West Virginia,"Women, 20 to 24 years",51,32,62.8,30,57.5,3,8.4
West Virginia,"Women, 25 to 34 years",107,73,68.5,69,64.5,4,5.9
West Virginia,"Women, 35 to 44 years",103,73,70.8,70,67.9,3,4.2
West Virginia,"Women, 45 to 54 years",119,81,68.1,79,66.7,2,2.1
West Virginia,"Women, 55 to 64 years",133,65,49.1,64,47.9,2,2.4
West Virginia,"Women, 65 years and over",186,23,12.1,22,12,(1)-,1.5
Wisconsin,Total,"4,619","3,123",67.6,"3,031",65.6,92,3
Wisconsin,Men,"2,273","1,612",70.9,"1,563",68.8,49,3
Wisconsin,Women,"2,346","1,512",64.4,"1,468",62.6,44,2.9
Wisconsin,White,"4,151","2,807",67.6,"2,732",65.8,75,2.7
Wisconsin,"White, men","2,051","1,466",71.5,"1,425",69.5,41,2.8
Wisconsin,"White, women","2,100","1,342",63.9,"1,307",62.2,35,2.6
Wisconsin,Black or African American,252,158,62.7,146,57.9,12,7.7
Wisconsin,Hispanic or Latino ethnicity,248,184,74.1,177,71.5,6,3.5
Wisconsin,"Total, 16 to 19 years",291,164,56.5,150,51.6,14,8.6
Wisconsin,"Total, 20 to 24 years",365,293,80.4,279,76.6,14,4.8
Wisconsin,"Total, 25 to 34 years",740,648,87.6,626,84.7,22,3.3
Wisconsin,"Total, 35 to 44 years",716,647,90.3,640,89.4,7,1
Wisconsin,"Total, 45 to 54 years",706,604,85.5,587,83.2,16,2.7
Wisconsin,"Total, 55 to 64 years",831,582,70,566,68.1,16,2.8
Wisconsin,"Total, 65 years and over",970,186,19.1,182,18.7,4,2
Wisconsin,"Men, 20 to 24 years",187,149,79.5,143,76.1,6,4.3
Wisconsin,"Men, 25 to 34 years",369,340,92.1,331,89.6,9,2.7
Wisconsin,"Men, 35 to 44 years",352,333,94.5,330,93.7,3,0.8
Wisconsin,"Men, 45 to 54 years",333,293,88.1,285,85.7,8,2.8
Wisconsin,"Men, 55 to 64 years",416,311,74.9,301,72.4,10,3.3
Wisconsin,"Women, 20 to 24 years",177,144,81.4,137,77.1,8,5.3
Wisconsin,"Women, 25 to 34 years",371,308,83.1,296,79.8,12,4
Wisconsin,"Women, 35 to 44 years",364,314,86.3,311,85.2,4,1.2
Wisconsin,"Women, 45 to 54 years",374,311,83.1,303,80.9,8,2.6
Wisconsin,"Women, 55 to 64 years",416,270,65.1,265,63.7,6,2.1
Wyoming,Total,445,287,64.7,275,62,12,4.2
Wyoming,Men,224,158,70.4,151,67.5,6,4
Wyoming,Women,221,130,58.8,124,56.3,6,4.3
Wyoming,White,416,268,64.5,258,62.1,10,3.8
Wyoming,"White, men",210,148,70.5,143,68.1,5,3.5
Wyoming,"White, women",206,120,58.4,115,56,5,4.1
Wyoming,Hispanic or Latino ethnicity,39,26,67.1,25,63.1,2,5.9
Wyoming,"Hispanic or Latino ethnicity, men",19,14,74.3,13,69.7,1,6.1
Wyoming,"Hispanic or Latino ethnicity, women",20,12,60.3,11,57,1,5.5
Wyoming,"Total, 16 to 19 years",31,15,48,13,42.5,2,11.2
Wyoming,"Total, 20 to 24 years",33,25,77,24,71.8,2,6.7
Wyoming,"Total, 25 to 34 years",78,63,81.3,60,77.5,3,4.6
Wyoming,"Total, 35 to 44 years",68,60,89.5,59,87.4,1,2.3
Wyoming,"Total, 45 to 54 years",62,52,83.5,50,80.1,2,4.2
Wyoming,"Total, 55 to 64 years",78,50,64.5,49,62.8,1,2.4
Wyoming,"Total, 65 years and over",96,22,22.7,21,21.6,1,4.6
Wyoming,"Men, 20 to 24 years",17,14,81.1,13,75.9,1,6.7
Wyoming,"Men, 25 to 34 years",38,35,91.9,33,87.4,2,4.6
Wyoming,"Men, 35 to 44 years",34,32,94.9,32,92.9,1,2
Wyoming,"Men, 45 to 54 years",32,29,90.8,29,88,1,3.3
Wyoming,"Men, 55 to 64 years",36,26,70.8,25,68.9,1,2.8
Wyoming,"Men, 65 years and over",48,13,27.1,13,25.8,1,4.3
Wyoming,"Women, 20 to 24 years",16,12,72,11,67.5,1,6.8
Wyoming,"Women, 25 to 34 years",39,28,71.1,27,67.9,1,4.5
Wyoming,"Women, 35 to 44 years",34,28,84.2,28,81.8,1,2.7
Wyoming,"Women, 45 to 54 years",30,23,75.5,21,71.6,1,5.3
Wyoming,"Women, 55 to 64 years",42,25,59,24,57.6,1,2.2
